nom;adresse;telephone;lat;lon
Ecole élémentaire;Rue de Neudelange, 57920 Aboncourt;03 82 81 89 23;49.25791968265228;6.3478499238538815
Ecole maternelle;Rue de Neudelange, 57920 Aboncourt;03 82 81 89 23;49.257751992502705;6.3478294321384405
Groupe Scolaire Alexandre Chatrian;2 place des Passeurs, 57560 Abreschviller;03 87 03 74 12;48.6359253038532;7.095299547383742
Ecole primaire;10 rue rue du haut poirier, 57412 Achen;03 72 29 14 31;49.045397351574;7.180463955414336
Ecole primaire intercommunale;30 route de Boustroff, 57380 Adelange;03 87 91 57 47;49.003217914442686;6.617249753516517
Ecole maternelle;23 rue du Château, 57670 Albestroff;09 67 41 69 64;48.933001432066504;6.85590975228044
Ecole élémentaire de La Mairie;23 rue Maréchal Foch, 57440 Algrange;03 82 84 31 66;49.36112427291759;6.049989660601799
Ecole maternelle Lorraine;Rue de Lorraine, 57440 Algrange;03 82 85 62 32;49.36043799794755;6.047169821663321
Ecole primaire Batzenthal;1 rue DES COQUELICOTS, 57440 Algrange;03 82 84 33 45;49.37092772536631;6.059340401251297
Ecole primaire Wilson;37 rue DU PRESIDENT WILSON, 57440 Algrange;03 82 84 31 22;49.35560160934576;6.046651234586622
Ecole primaire Pasteur;Place de l'Etzel, 57515 Alsting;03 87 99 15 15;49.179550235401244;6.99948986644954
Ecole primaire;Impasse DE l'ECOLE, 57730 Altviller;03 87 94 67 58;49.073007043139064;6.7309796132507
Ecole élémentaire;16 rue de Château Rouge, 57320 Alzing;03 87 78 21 18;49.278276634327646;6.554349986808345
Ecole primaire;13 rue DES JARDINS, 57865 Amanvillers;06 24 78 68 09;49.168236205555395;6.042613555282411
Ecole élémentaire Centre du Parc;Rue Emile Zola, 57360 Amnéville;03 87 71 24 78;49.255632053993125;6.14144941726079
Ecole maternelle Clémenceau;3 rue Charles Péguy, 57360 Amnéville;03 87 71 02 78;49.258894908858274;6.137660199039842
Ecole maternelle de La Cimenterie;26 rue des Ecoles, 57360 Amnéville;03 87 67 16 46;49.25424902947192;6.12147016320909
Ecole maternelle l'Ile aux enfants;Rue de l'Usine, 57360 Amnéville;03 87 71 13 14;49.25887136086327;6.144780461846443
Ecole maternelle La Forêt;Rue Schuman, 57360 Amnéville;03 87 71 16 17;49.25328122447193;6.1397203732627155
Ecole primaire Charles Peguy;Rue Charles Péguy, 57360 Amnéville;03 87 71 12 96;49.25970990724789;6.1376299782894055
Ecole primaire Malancourt La Montagne JULES FERRY;9 rue Jules Ferry, MALANCOURT LA MONTAGNE, 57360 Amnéville;03 87 53 53 79;49.22115626924704;6.058860297869996
Ecole élémentaire;Rue Saint-Michel, 57580 Ancerville;09 67 01 69 33;49.03095475787346;6.390479883377185
Ecole Primaire Les Coteaux;10 rue Lemal Perrin, 57130 Ancy-Dornot;03 87 30 92 50;49.056943345915144;6.06003973573962
Ecole élémentaire;60 rue des Ecoles, 57440 Angevillers;03 82 59 25 25;49.387536993069546;6.040609610643885
Ecole maternelle;171 route de Havange, 57440 Angevillers;03 82 91 71 24;49.38776411581724;6.040949588242805
Ecole primaire;146 rue de Lilette, 57320 Anzeling;03 87 69 10 43;49.27177695542536;6.453603217627369
Ecole primaire;38 rue de l'Ecole, 57480 Apach;03 82 83 67 26;49.460957194720365;6.3784502130462775
Ecole élémentaire Erckmann-Chatrian;52 rue de Bussière, 57640 Argancy;03 87 77 84 79;49.18972401487824;6.199410354182513
Ecole élémentaire privée Marcel Van;7 place Anne de Méjanès, 57640 Argancy;07 83 74 75 08;49.19600140851942;6.200979410645256
Ecole maternelle Erckmann-Chatrian;52 rue de Bussière, 57640 Argancy;03 87 77 73 70;49.18995609099159;6.1996498461069205
Ecole élémentaire;68 rue Principale, 57580 Arriance;03 87 01 08 15;49.017040146308844;6.496210043118739
Ecole primaire;4 bis rue Principale, 57530 Ars-Laquenexy;03 87 38 19 04;49.092033051465975;6.267020659544068
Ecole primaire Val de Mance;11 rue Poincaré, BP 20047, 57132 Ars-sur-Moselle;03 87 60 96 31;49.077243700598096;6.076019832023014
école primaire du petit sentier;17 rue de l'Eglise, 57405 Arzviller;03 87 07 96 67;48.71340211130848;7.161570368493169
Ecole maternelle;Rue Principale, 57260 Assenoncourt;03 87 03 94 08;48.771130982287595;6.799090331218095
Ecole élémentaire;35 rue Principale, 57580 Aube;03 87 64 54 05;49.0269924000773;6.336909976717137
Ecole élémentaire La Dell;136 rue de la Meuse, 57390 Audun-le-Tiche;03 82 52 13 01;49.47397081962475;5.942230243130215
Ecole élémentaire Marie Curie;7 rue Leclerc, 57390 Audun-le-Tiche;03 82 52 13 44;49.469520640142115;5.956779756703942
Ecole maternelle Francbois;Rue des Bosquets, 57390 Audun-le-Tiche;03 82 52 23 55;49.47879360825111;5.964830197524543
Ecole maternelle La Dell;136 rue de la Meuse, 57390 Audun-le-Tiche;03 82 91 21 11;49.47397081962475;5.942230243130215
Ecole maternelle Mandelot;22 rue de l'Etang, 57390 Audun-le-Tiche;03 82 52 13 37;49.46777723081664;5.951670024602643
Ecole primaire Centre Rousseau;10 rue MARECHAL FOCH, 57390 Audun-le-Tiche;03 82 52 13 46;49.47271804346788;5.9572202811693264
Ecole primaire Le Patural;6 rue DE L'EGLISE, 57685 Augny;03 56 12 73 25;49.05870521997277;6.120673738775948
Ecole élémentaire des Armoises;57 rue du Château, 57590 Aulnois-sur-Seille;03 87 01 43 94;48.869522256227754;6.31415940865377
Groupe Scolaire Marie Curie;5 rue du Cimetière, 57710 Aumetz;03 82 91 89 55;49.419766660756416;5.941559330664979
Ecole primaire Fernand Charlier;216 rue du Temple, 57810 Avricourt;03 87 24 72 17;48.652658007317946;6.820059467976343
Ecole primaire;11 RUE DES BRIGUELES, 57300 Ay-sur-Moselle;03 87 73 08 16;49.24210864645498;6.208639754039921
Ecole primaire;6 rue de l'Ecole, 57230 Baerenthal;03 87 06 57 04;48.9787886400607;7.518050539382873
Ecole primaire J.P. Albert;21 rue des Prés, 57690 Bambiderstroff;03 87 90 32 43;49.10296549539923;6.590619599454356
Ecole élémentaire La Fontaine;27 rue des Ecoles, 57340 Baronville;03 87 86 17 28;48.93525007341028;6.61010045823628
Ecole maternelle les P'tits Loups;2 rue des Ecoles, 57340 Baronville;03 87 05 16 78;48.93355235832209;6.609650548579892
Ecole maternelle Marienthal;512 route de Strasbourg, 57450 Barst;03 87 89 20 08;49.08752322398739;6.816100492002092
Ecole élémentaire Jean Monnet;Rue de la Mairie, 57970 Basse-Ham;03 82 82 42 66;49.38603898355415;6.244250067109419
Ecole maternelle Saint-Louis;7 chemin des Ecoliers, 57970 Basse-Ham;03 82 56 23 82;49.37473226858037;6.239600647889393
Ecole primaire Jules Verne;10 A rue DE L'EGLISE, 57570 Basse-Rentgen;03 82 83 48 33;49.48364261659167;6.1993701071088365
Ecole élémentaire du marronnier;37 rue de Courten, 57530 Bazoncourt;03 87 64 69 25;49.050951462997354;6.367819760337706
Ecole primaire de BECHY;39 rue Charles de Gaulle, 57580 Béchy;03 87 64 83 28;48.985546502815986;6.378179503740085
Ecole primaire Centre Pasteur;1 rue de la Fontaine, 57460 Behren-lès-Forbach;03 87 87 27 15;49.16574295431025;6.942979595760648
Ecole primaire Erckmann-Chatrian;Rue Erckmann-Chatrian, 57460 Behren-lès-Forbach;03 87 87 30 93;49.17206478499764;6.931400572568624
Ecole primaire publique Berlioz;Rue Saint Blaise, 57460 Behren-lès-Forbach;03 87 87 23 27;49.17552044084773;6.936689704456718
Ecole Elémentaire Bisping;Rue Principale, 57930 Belles-Forêts;03 87 86 54 04;48.80519858042868;6.8938704757614095
Ecole primaire Eugène Genay;19 rue des Jardins, 57670 Bénestroff;09 62 09 06 11;48.90521871681767;6.76264005912315
Ecole Elémentaire Paul Verlaine;Rue Principale, 57800 Béning-lès-Saint-Avold;03 87 04 01 67;49.137586332227414;6.839230389943018
Ecole maternelle;18 rue Principale, 57800 Béning-lès-Saint-Avold;03 87 04 49 47;49.13842029684976;6.8391605342256
Ecole élémentaire;2 place de l'Eglise, 57370 Berling;03 87 08 05 07;48.800220481164516;7.239809836600338
Ecole primaire;123 rue Principale, 57930 Berthelming;03 87 07 88 29;48.81712596376221;7.006779672243125
Groupe scolaire Simone Veil;21 rue Saint-Rémy, 57310 Bertrange;03 82 50 75 99;49.31331545434116;6.196659456372397
Ecole élémentaire;32 GRAND'RUE GRANDE RUE, 57930 Bettborn;03 87 07 81 96;48.80154801518242;7.020870403479036
Ecole primaire;11 RUE DE L'ECOLE, 57640 Bettelainville;03 87 77 93 80;49.233306409253814;6.300860211165462
Ecole Elémentaire Jean de La Fontaine;4 rue de l'Ecole, 57800 Betting;03 87 04 86 56;49.12930820566748;6.814240680774847
Ecole maternelle Jean de La Fontaine;4 rue de l'Ecole, 57800 Betting;03 87 00 36 84;49.12933892928083;6.813839676709873
école primaire Jean Gutenberg;32 rue des Jardins, 57410 Bettviller;03 87 09 90 38;49.07415741278331;7.273669992888356
Groupe scolaire Le Clos;3 place du Foyer, 57570 Beyren-lès-Sierck;03 82 51 25 64;49.473163269145886;6.296740211183412
Ecole primaire;1 RUE PRINCIPALE, 57630 Bezange-la-Petite;03 87 86 74 37;48.730234240689846;6.612670540992124
Ecole Elémentaire;2 rue Beaumarais, 57320 Bibiche;03 87 57 94 39;49.32818447607334;6.478009519808491
Ecole Primaire;2 rue des Ecoles, 57410 Bining;03 72 29 28 16;49.038571273228555;7.252340321276078
Ecole Elémentaire;3 rue Saint-Rémi, 57170 Bioncourt;03 87 05 49 62;48.79421494817539;6.364049807540963
Ecole Elémentaire;62 rue Principale, 57660 Bistroff;06 74 66 00 69;48.99213731638106;6.714610624936496
Ecole Elémentaire Baron de Guntzer;2 rue du Baron de Guntzer, 57230 Bitche;03 87 96 01 20;49.05042804170872;7.422780030736748
Ecole Elémentaire Louis Pasteur;4 rue de Haspelschiedt, 57230 Bitche;03 87 96 07 95;49.05494238336899;7.445649652788779
Ecole maternelle Biculturelle Champ de Mars;4 A rue du Champ de Mars, 57230 Bitche;03 87 96 16 03;49.05268748715373;7.4381997074114174
Ecole primaire des Remparts biculturelle;13 rue des Remparts, 57230 Bitche;03 87 96 02 91;49.05476914782123;7.422550213291559
Ecole Elémentaire;2 rue des Prés, 57200 Blies-Ebersing;03 87 95 61 72;49.121895596128724;7.144400563727103
Ecole Elémentaire;63 rue des Ecoles, 57200 Blies-Guersviller;03 87 95 40 10;49.15137335561536;7.09415995798042
Ecole maternelle;19 rue Ritterweg Blies Schweyen, 57200 Blies-Guersviller;03 87 95 34 31;49.15093639951075;7.09446027166825
Ecole Elémentaire;Rue Principale, 57200 Bliesbruck;03 87 02 20 61;49.11463080461933;7.177580429385206
Ecole maternelle;Rue Principale, 57200 Bliesbruck;03 87 02 21 79;49.11436170723563;7.177240514462206
Ecole primaire;Rue de l'Ecole, 57220 Boucheporn;06 47 51 20 15;49.14032173711014;6.609390496844094
Ecole Elémentaire Victor Hugo;3 rue des Ecoles, 57655 Boulange;03 82 59 44 51;49.38171839992169;5.952559684615437
Ecole maternelle;101 CITE DU BOIS, 57655 Boulange;03 82 91 04 11;49.38234188994594;5.935489412697798
Ecole élémentaire L.Krause;18 rue Robert Schuman, 57220 Boulay-Moselle;03 87 79 27 93;49.1864923992236;6.489099660677729
Ecole maternelle intercommunale Les Lutins;Rue des Huilliers, 57220 Boulay-Moselle;03 87 79 21 64;49.186667358798886;6.487440625496501
Ecole maternelle Les Diablotins;28 rue de Sarrelouis, 57220 Boulay-Moselle;03 87 79 27 18;49.18633344968587;6.497709439098514
Ecole primaire;17 rue de l'Ecole, 57460 Bousbach;03 87 84 51 78;49.15003131304079;6.949530664547292
Ecole Primaire de Bousse;1 place des Ecoles, 57310 Bousse;03 87 73 00 92;49.27765040172163;6.19713975548191
Ecole primaire Charlemagne;86 bis rue des Bleuets, 57570 Boust;03 82 55 18 02;49.43666644900905;6.195240101896445
Ecole primaire Pol Grandjean;Rue des Ecoles, 57320 Bouzonville;07 77 26 66 76;49.29290416002182;6.5361802971564735
Ecole primaire privée La Providence;2 cour de l'Abbaye, 57320 Bouzonville;03 87 78 24 03;49.292844877741345;6.532029656946327
Ecole primaire Michel de Montaigne;Allée du Bois, 57570 Breistroff-la-Grande;03 82 83 05 33;49.45390182060264;6.215440493729704
Ecole maternelle Les Sotrés;32 rue de Velving, 57320 Brettnach;03 87 35 95 06;49.25739982244105;6.559860378482725
Ecole maternelle;2 rue de l'Ecole, 57535 Bronvaux;03 87 80 55 23;49.19644789424534;6.086159337008098
Ecole primaire;Rue de l'Ecole, 57535 Bronvaux;03 87 51 77 55;49.19654249132695;6.086259710602135
Ecole Elémentaire;5 rue de l'Eglise, 57565 Brouderdorff;03 87 03 32 21;48.69916191434095;7.102609607708074
Ecole primaire;5 rue de l'Eglise, 57565 Brouderdorff;03 87 03 68 70;48.69936271912186;7.10268933232756
Ecole primaire Du Moulin;11 rue du moulin à papier, 57635 Brouviller;03 87 07 72 25;48.76587025075743;7.155524101267013
Ecole maternelle intercommunale;2 place de la Mairie, 57420 Buchy;03 87 57 61 34;48.97879717772838;6.27535968380667
Ecole Elémentaire;39 A rue de l'Eglise, 57920 Buding;03 82 83 93 73;49.334297345822115;6.323681809487634
Ecole maternelle;Rue de l'Eglise, 57920 Buding;03 82 83 90 92;49.33462868340975;6.323149719157038
Ecole primaire du petit bois;35 grand'rue GRAND RUE, 57400 Buhl-Lorraine;03 87 03 23 47;48.721075171922294;7.085049396091987
Ecole primaire;197 rue de la Forêt, 57450 Cappel;03 87 89 18 15;49.072789898790425;6.850844658368197
Ecole maternelle MOSELLY;Cité Moselly, 57490 Carling;03 87 93 79 27;49.174786841231224;6.716339993903779
Ecole Primaire Pierre Ernst;189 rue Principale, 57490 Carling;03 87 93 47 10;49.16589241804059;6.716140366157261
Ecole Elémentaire G. Pompidou;9 quinquies avenue de Gaulle, 57570 Cattenom;03 82 55 42 16;49.406168931391285;6.240709707617907
Ecole Elémentaire Sentzich Hugues Aufray;Rue du Général Leclerc, 57570 Cattenom;03 82 55 46 62;49.41663373980096;6.258860665936915
Ecole maternelle Residence Champêtre;Square des Tilleuls, 57570 Cattenom;03 82 55 45 79;49.40537536858481;6.238699463355364
Ecole maternelle Sentzich Marie Laure MARSON;9 rue des Ecoles, 57570 Cattenom;03 82 55 45 65;49.41672696632726;6.257570425782295
Ecole maternelle Victor HUGO;1 rue Victor Hugo, 57570 Cattenom;03 82 55 33 22;49.40817778092752;6.245370453638182
Ecole Elémentaire;Rue Principale, 57365 Chailly-lès-Ennery;03 87 77 89 07;49.20650812900769;6.235489836657197
Ecole primaire ARC EN CIEL;7 rue du 10 Juin, 57640 Charly-Oradour;03 87 77 82 08;49.17429185629054;6.23911036577024
Ecole Elémentaire;24 rue Principale, 57320 Château-Rouge;06 82 35 10 92;49.27967536718506;6.596170690690024
Ecole maternelle Les Coquelicots;Rue des Ecoles, 57170 Château-Salins;03 87 05 14 97;48.82471844566134;6.503469872987936
Ecole primaire A.Rouyer;Rue des Braissettes, 57170 Château-Salins;03 87 05 11 29;48.82515866426901;6.502179697850186
ECOLE PRIMAIRE MARIE MARVINGT;13 rue DES CHAUVAUX, 57160 Châtel-Saint-Germain;03 87 60 09 04;49.11546679999745;6.084431540862574
Ecole primaire des Caminetois;7 bis rue des Ecoles, 57420 Cheminot;03 87 69 77 15;48.94605113203244;6.13793012986347
Ecole maternelle;19 rue Principale, 57245 Chesny;03 87 38 08 22;49.054641625780825;6.241960541390017
Ecole Elémentaire Centre;1 rue Joffre, 57185 Clouange;03 57 56 47 12;49.260117296401404;6.093659456342748
Ecole Elémentaire Le Grand Ban;Rue du 4 Septembre, 57185 Clouange;03 57 56 47 25;49.2646082457713;6.097520541435363
Ecole maternelle Centre;54 rue Clemenceau, 57185 Clouange;03 57 56 47 33;49.260413982498044;6.095209890740178
Ecole maternelle Le Grand Ban;9 rue du Paradis, 57185 Clouange;03 57 56 26 21;49.26521016009995;6.098289364267757
Groupe scolaire Thomas PESQUET;14 rue du Moulin, 57800 Cocheren;03 87 04 67 47;49.14966057132636;6.846450603431197
ECOLE PRIMAIRE LE CEDRE BLEU;55 rue Principale, 57420 Coin-lès-Cuvry;03 87 52 56 93;49.03331207260704;6.157930158945257
Ecole primaire Jean de la Fontaine - intercommunale;Rue du Moulin, 57420 Coin-sur-Seille;03 87 52 53 05;49.01439782738586;6.159199743334656
Ecole Elémentaire;1 RUE PRINCIPALE, 57320 Colmen;03 87 35 52 08;49.353504481220625;6.541260194125031
Ecole primaire;48 rue des Deux Nied, 57220 Condé-Northen;03 87 79 23 20;49.154112363440454;6.429999613534259
Ecole élémentaire;14 rue Saint-Vincent, 57480 Contz-les-Bains;03 82 83 20 40;49.45410433828046;6.347090652050645
Ecole Elémentaire;Rue Saint-Martin, 57680 Corny-sur-Moselle;03 87 52 80 53;49.036204004660334;6.059929391840381
Ecole maternelle;Rue Saint-Martin, 57680 Corny-sur-Moselle;03 87 57 76 02;49.03542709537893;6.057859410331745
Ecole Elémentaire;2 rue de la Forêt, 57220 Coume;03 87 35 90 96;49.19768440805892;6.573523591892557
Ecole maternelle;13 rue Principale, 57220 Coume;03 87 35 97 15;49.197767874737664;6.573379672866832
Ecole Elémentaire P. Rousselot;2 allée des Mimosas, 57530 Courcelles-Chaussy;03 87 64 01 40;49.10709919501208;6.400909964829684
Ecole maternelle La Bossotte;Rue Pierre Loëb, 57530 Courcelles-Chaussy;03 87 64 28 41;49.10748434869456;6.402659653443215
Ecole primaire A. Huver;Rue des Mirabelles, 57530 Courcelles-sur-Nied;03 87 64 45 57;49.06665910195824;6.305249612758165
Ecole Elémentaire Cité La Forêt;Rue Bir Hakeim, 57690 Créhange;03 87 94 39 62;49.07259565553657;6.583210243617376
Ecole élémentaire Mouzaïa;2 rue de Metz, 57690 Créhange;03 87 94 43 44;49.062013941828624;6.580480641885153
Ecole maternelle Cité Mouzaïa;31 cours du 19 Novembre 1944, 57690 Créhange;03 87 94 10 39;49.06312720282506;6.587270511891125
Ecole maternelle La Bergerie;Rue des Faisans, 57690 Créhange;03 87 91 48 57;49.05701884787023;6.5806205888947975
Ecole maternelle La Forêt;Rue Bir Hakeim, 57690 Créhange;03 87 91 46 64;49.07230591129839;6.583599836039144
E.P.P. L'EXCELLENCE;102 rue de Carling, 57150 Creutzwald;;49.20294640144453;6.706169892593593
Ecole primaire biculturelle Robert Schuman;2 rue de Boulogne, 57150 Creutzwald;03 87 82 10 68;49.195356686607404;6.675160529708393
Ecole primaire Dr A. Schweitzer;14 rue des Tilleuls, 57150 Creutzwald;03 87 93 17 12;49.202523909916586;6.6994506364640625
Ecole primaire du Centre;13 rue Maréchal Ney, 57150 Creutzwald;03 87 93 17 29;49.20574708982521;6.69827059839228
Ecole primaire J. Ferry;8 route de Lauterbach, 57150 Creutzwald;03 87 93 17 03;49.202071317302185;6.710270237945309
Ecole primaire La Houve;2 rue des Anémones, 57150 Creutzwald;03 87 93 13 75;49.209562034323014;6.6928798035947645
Ecole primaire Les Cerisiers;Rue des Ecoles, 57420 Cuvry;03 87 52 56 25;49.041617878765244;6.159099587981749
Ecole du Petit Prince;54 rue de la Foret Brûlée, 57850 Dabo;03 87 08 85 94;48.65355711963628;7.269574413947078
Ecole Primaire Simone Veil;23 rue de la Zorn, 57850 Dabo;03 87 07 41 61;48.6535374507606;7.232229644936884
Ecole primaire;6 rue de l'Ecole, 57550 Dalem;03 87 90 25 06;49.242129811347695;6.609890116837627
Ecole primaire de DANNE ET QUATRE VENTS;44 place de la Mairie, 57370 Danne-et-Quatre-Vents;07 69 97 50 42;48.76686821653888;7.294799961134007
Ecole primaire Les Genêts;19 rue du Stade, 57820 Dannelbourg;03 87 25 43 00;48.742693692306126;7.23739968718787
Ecole Elémentaire J. Nicolas;40 bis rue du Général Nassoy, 57590 Delme;03 87 01 35 77;48.88428807397069;6.393999792103071
Ecole maternelle LE BLE EN HERBE;34 rue Georges Clémenceau, 57590 Delme;03 87 05 06 90;48.88861336248616;6.396499988815332
Ecole Elémentaire;60 rue Principale, 57830 Diane-Capelle;03 87 25 03 54;48.729567221875314;6.935009796872872
Ecole Elémentaire Saint Exupéry;2 rue des Ecoles, 57980 Diebling;03 87 02 55 22;49.11001740541964;6.943699914096041
Ecole maternelle Le Petit Prince;Rue des Ecoles, 57980 Diebling;03 87 02 43 24;49.11064685165805;6.944270295806683
ECOLE PRIMAIRE  ROUGET DE LISLE;25 A rue de l'Ecole, 57890 Diesen;03 87 93 29 21;49.17995478061898;6.67577960655829
Ecole primaire G. Charpentier;183 rue Edmond About, 57260 Dieuze;03 87 86 97 87;48.80839066123871;6.718380406683635
Ecole maternelle;34 rue Principale, 57660 Diffembach-lès-Hellimer;03 87 01 88 17;49.00216196520672;6.839320467410598
Ecole primaire LES CHARMILLES;3 rue de l'Eglise, 57925 Distroff;03 82 56 85 77;49.331760146356785;6.262820006781856
Ecole maternelle;18 rue de l'école, 57400 Dolving;03 87 07 80 31;48.77667424425161;7.022364172672799
Ecole maternelle;1 rue de la Grande Corvée, 57810 Donnelay;03 87 86 71 05;48.75190039257642;6.682069818818196
Ecole primaire Gabriel CUIRIN;47 rue du Presbytère, 57230 Eguelshardt;03 87 06 17 48;49.01973462951543;7.493950604560451
Ecole primaire privée Etoile du Matin;112 route forestière du Hanau, 57230 Eguelshardt;03 87 06 53 90;49.014518899789586;7.535220367616025
Ecole Elémentaire;10 RUE DE L'EGLISE, 57340 Eincheville;03 87 86 40 69;48.982382266005494;6.605470372336416
Ecole primaire Cité Maginot;18 rue de Picardie, 57970 Elzange;03 82 55 05 66;49.36817535662301;6.290230575971733
Ecole Primaire;10 rue Centrale, 57415 Enchenberg;03 87 96 43 71;49.0137375810972;7.338480462818226
Ecole primaire A. Camus;Rue du Stade, 57365 Ennery;03 87 73 51 15;49.227008802665424;6.213889888017477
Ecole Elémentaire Sainte-Barbe;7 rue des Ecoles, 57330 Entrange;03 82 55 13 61;49.41703537936894;6.11960055491745
Ecole maternelle Village A. Maginot;2 rue de la Forêt, 57330 Entrange;03 82 55 25 75;49.41968380085336;6.1187544626103305
Ecole primaire;10 RUE DE L'ECOLE, 57720 Epping;03 87 96 77 69;49.113046617725594;7.317019540515246
Ecole Elémentaire;5 rue de la Mairie, 57660 Erstroff;03 87 01 79 63;48.97937977671453;6.777059719073415
Ecole primaire La clé des champs;11 rue des Ecoles, 57330 Escherange;03 82 50 69 43;49.41659626295684;6.072439801924635
Ecole primaire;3 rue de l'Ecole, 57412 Etting;03 87 02 12 35;49.02856500991389;7.17998933390182
Ecole primaire du Loeberg;Rue de la Montée, 57460 Etzling;03 87 87 43 83;49.179883112767875;6.95747973183533
ECOLE PRIMAIRE PRIVEE HORS CONTRAT;3 rue DE VREMY, 57640 Failly;06 79 04 33 22;49.1593491418185;6.265095517644874
Ecole primaire les Rainettes;2 rue de la Gare, 57550 Falck;03 87 93 17 53;49.22467263715067;6.636470111165297
Ecole Elémentaire E. Branly;100 RUE DU GENERAL HENRY, 57290 Fameck;03 82 58 11 58;49.309811272032476;6.108690227068217
Ecole élémentaire Jacques Prévert;5 rue Antoine de Saint-Exupéry, 57290 Fameck;03 82 58 05 31;49.304341816652;6.1108797926541225
Ecole Elémentaire L. Pasteur;169 avenue Jeanne d'Arc, 57290 Fameck;03 82 58 14 29;49.292874757844096;6.11322987137331
Ecole Elémentaire L. Schlesser;1 avenue Jeanne d'Arc, 57290 Fameck;03 82 58 15 01;49.30764858252805;6.100190636066538
Ecole maternelle A. Schweitzer;1 RUE ST EXUPERY, 57290 Fameck;03 82 52 41 66;49.302452898930795;6.112089375027185
Ecole maternelle Bosment;33 rue Odette, 57290 Fameck;03 82 58 59 45;49.315489440955844;6.103419381973688
Ecole maternelle Edouard Branly;100 RUE DU GENERAL HENRY, 57290 Fameck;03 82 52 42 22;49.30945925107581;6.108700665920189
Ecole maternelle Henri Des;7 rue de Lunéville, 57290 Fameck;03 82 58 42 71;49.30791909312589;6.115330357993936
Ecole maternelle L. Pasteur;Avenue Jeanne d'Arc, 57290 Fameck;03 82 52 41 44;49.29322887183163;6.1129293676002305
Ecole maternelle L. Schlesser;11 avenue Jeanne d'Arc, 57290 Fameck;03 82 57 35 64;49.30702091926863;6.1007404094244935
Ecole maternelle La Cerisaie;71 A boucle de la Cerisaie, 57290 Fameck;03 82 58 15 74;49.300143152366076;6.110080584826796
Ecole maternelle Victor Hugo;18 rue de Gascogne, 57290 Fameck;03 82 57 39 78;49.306112736520895;6.10743969698418
Ecole élémentaire Victor Hugo;Rue du Stade, 57450 Farébersviller;03 87 00 24 72;49.123870159848366;6.875409870818497
Ecole maternelle Arc en Ciel;Rue de la farandole, 57450 Farébersviller;03 87 00 24 70;49.12274473970381;6.879351106233287
Ecole maternelle Village Charles Perrault;19 bis avenue Saint Jean, 57450 Farébersviller;09 64 42 52 06;49.11534179587105;6.863499352769702
Groupe scolaire du Parc;5 avenue de l'Europe, 57450 Farébersviller;03 87 00 24 25;49.11925008741861;6.877960624860895
Ecole primaire;10 RUE DE L'ETANG, 57450 Farschviller;06 76 75 05 35;49.091686756626075;6.893470394579617
Ecole Elémentaire Bas Steinbesch;16 A rue DE LA NIED, 57380 Faulquemont;03 87 94 20 77;49.05912991576564;6.594976137794911
Ecole élémentaire Stade;2 bis avenue du Collège, 57380 Faulquemont;03 87 94 20 65;49.04774679665992;6.600642170804625
Ecole maternelle Bas Steinbesch;16 bis rue de la Nied, 57380 Faulquemont;03 87 91 42 40;49.05912991576564;6.594976137794911
Ecole maternelle Stade;Avenue du Collège, 57380 Faulquemont;03 87 94 26 70;49.04730100676229;6.600470185269954
Ecole primaire interconfessionnelle les Remparts;Rue Malberg, 57930 Fénétrange;03 87 07 50 47;48.84837204622705;7.021110608056072
Ecole Elémentaire;2 rue des Ecoles, 57280 Fèves;03 87 51 14 60;49.1954146463282;6.119730179590786
Ecole maternelle;2 rue des Ecoles, 57280 Fèves;03 87 51 14 17;49.19554326251115;6.120009768004987
Ecole Elémentaire;26 A rue de la Mairie, 57320 Filstroff;03 87 78 23 97;49.32318300660161;6.540429729735735
ECOLE MATERNELLE PUBLIQUE;26 rue de la Mairie, 57320 Filstroff;03 87 78 23 97;49.32334821769754;6.540809996138789
Ecole primaire Les Prés Verts;1 rue de l'Ecole, 57570 Fixem;03 82 55 37 76;49.4428190779963;6.27473964185957
Ecole Elémentaire Bois du Buch;8 rue de l'Ecole, 57320 Flastroff;06 95 67 74 75;49.37209028857957;6.534899837168121
Ecole Elémentaire M. Chagall intercommunale;19 chemin de Metz, 57420 Fleury;03 87 52 54 41;49.044425816552106;6.191140468373419
Ecole maternelle M. Chagall intercommunale;9 chemin de Metz, 57420 Fleury;03 87 52 67 78;49.044239339957144;6.191249463888658
Ecole primaire;24 GRAND'RUE GRANDE RUE, 57365 Flévy;03 87 73 76 08;49.23729102518261;6.244549983547486
Ecole élémentaire Trait d'Union;2 rue du Gymnase, 57190 Florange;03 82 58 52 29;49.32362164944997;6.124219807839466
Ecole maternelle Bouton d'Or;Rue des Bons Enfants, 57190 Florange;03 82 58 47 37;49.321958495144564;6.1183994124164744
Ecole primaire André Chénier;12 rue des Passeurs, 57190 Florange;06 47 02 10 10;49.31523870113177;6.12043991733388
Ecole primaire Centre;22 rue de Gargan, 57190 Florange;03 82 58 50 98;49.32733163775128;6.125680508298312
Ecole primaire Victor Hugo;2 rue des Ecoles, 57190 Florange;03 82 57 32 26;49.325241151471886;6.135630018787615
Ecole primaire Le Marronnier;16 rue des Ecoles, 57600 Folkling;03 87 87 00 62;49.14548425482838;6.894299361385739
Ecole Elémentaire Alfred de Musset;Rue de la Forêt, 57730 Folschviller;03 87 92 21 24;49.07937371389547;6.688253094236857
Ecole Elémentaire Centre;3 place de l'Eglise, 57730 Folschviller;03 87 92 25 89;49.06767364862547;6.684509672306703
Les P'tits Galibots;Rue de la Forêt, 57730 Folschviller;03 87 92 35 40;49.07937371389547;6.688253094236857
Ecole primaire Centre;Rue de Metz, 57650 Fontoy;03 57 32 36 23;49.35553832515284;5.999930240649126
Ecole Elémentaire Bellevue;11 rue BELLEVUE, 57600 Forbach;03 87 85 05 63;49.1919218077499;6.894890380601151
Ecole élémentaire Louis Houpert;1 rue DU WIESBERG, 57600 Forbach;03 87 85 51 96;49.17681236219655;6.892379683845443
Ecole maternelle Bellevue;11 rue Bellevue, 57600 Forbach;03 87 88 02 28;49.19245061686721;6.89496042612092
Ecole maternelle Louis Houpert;1 rue DU WIESBERG, 57600 Forbach;03 87 85 23 86;49.17664833583335;6.89091061255273
Ecole primaire biculturelle Creutzberg;Rue Marie et du 146ème Ri, 57600 Forbach;03 87 87 72 08;49.186703301120154;6.912639416362327
Ecole primaire Bruch;1 allée DES FRENES, 57600 Forbach;03 87 85 37 60;49.196850363856406;6.873899487407206
Ecole primaire du Centre;5 avenue Passaga, 57600 Forbach;03 87 88 46 32;49.185078107236926;6.9016996585094175
Ecole primaire Marienau;1 rue DU KOBENBERG, 57600 Forbach;03 87 85 72 46;49.18532264345794;6.872610319180297
Ecole primaire privée La Providence;2 avenue du Général Passaga, 57600 Forbach;03 87 85 45 23;49.18464403457313;6.902150277030673
Ecole primaire;2 impasse DES ECOLES, 57670 Francaltroff;03 87 05 77 12;48.964433919411135;6.8008002696227585
Ecole Elémentaire;Rue des Ecoles, 57200 Frauenberg;09 60 41 11 57;49.13827436621294;7.121429969350989
Ecole maternelle;Rue des Ecoles, 57200 Frauenberg;03 87 95 16 72;49.137962768106796;7.121800339773847
Ecole primaire La Clé des Chants;70 rue Robert Schuman, 57320 Freistroff;09 62 21 53 42;49.281807858583925;6.489130415876036
Ecole Elémentaire;8 rue des Jardins, 57660 Frémestroff;03 87 90 05 47;49.01719341081504;6.780509784196354
Ecole primaire Les Cigogneaux;2 rue de l'Ecole, 57660 Freybouse;03 87 01 73 69;49.00619778610573;6.776690322501526
Ecole élémentaire La Chapelle;Impasse des Mésanges, 57800 Freyming-Merlebach;03 87 04 74 35;49.145685343810854;6.783830693143988
Ecole maternelle Centre André Marie;Avenue de la République, 57800 Freyming-Merlebach;03 87 04 42 76;49.143410456722975;6.798859426522243
Ecole maternelle Cité Cuvelette Biculturelle;41 avenue d'Alsace, 57800 Freyming-Merlebach;03 87 04 44 43;49.153553763771306;6.814420624766148
Ecole maternelle Cité La Chapelle;Impasse des Mésanges, 57800 Freyming-Merlebach;03 87 04 76 49;49.14528016360636;6.784149576125866
Ecole maternelle Sainte-Barbe;Rue Gambetta, 57800 Freyming-Merlebach;09 63 53 38 38;49.144532147441446;6.809469499399114
Ecole primaire E. Reumaux intercommunale;Rue du Wiselstein Biculturelle, 57800 Freyming-Merlebach;03 87 04 43 01;49.15757594769609;6.811850148759604
Ecole Primaire marcel Pagnol;16 avenue Emile Huchet, 57800 Freyming-Merlebach;03 87 04 77 35;49.14445770469314;6.802919336119015
Ecole primaire privée Saint Joseph-La Providence;10 rue DE L ABBE HEYDEL, BP 50038, 57800 Freyming-Merlebach;03 87 04 43 87;49.147098025587724;6.81657935465762
Ecole primaire Saint-Exupéry;32 rue Saint-Exupéry, BP 155, 57800 Freyming-Merlebach;03 87 04 43 35;49.15131088939959;6.824080586758098
Ecole Elémentaire Les Hauts Chênes;60 route de Desseling, 57810 Fribourg;03 87 03 41 80;48.76780523030583;6.856718390142514
Ecole Elémentaire J. Terver;16 rue Docteur Stoufflet, 57175 Gandrange;03 87 67 24 55;49.27491742261903;6.1463901720202445
Ecole primaire P. Verlaine;17 rue des Ecoles, 57175 Gandrange;03 87 58 19 00;49.270884696924114;6.124950471259043
Ecole primaire;2 impasse de l'Ecole, 57820 Garrebourg;03 87 25 35 60;48.71209047894585;7.235432875237509
Ecole primaire Erckmann-Chatrian;1 RUE ERCKMANN CHATRIAN, 57570 Gavisse;03 82 55 34 13;49.430959949128585;6.286220633253658
Ecole Elémentaire;4 rue de l'Eglise, 57260 Gelucourt;03 87 86 80 41;48.766200239188024;6.72562068165295
Ecole Elémentaire du Mont Royal;2 rue des Ecoles, 57620 Goetzenbruck;03 87 96 80 47;48.97630421370653;7.380749385342091
Ecole maternelle Les premiers pas;3 rue des Ecoles, 57620 Goetzenbruck;03 87 96 83 91;48.97594991650679;7.380709918248243
Ecole Elémentaire;10 RUE PRINCIPALE, 57420 Goin;03 87 52 48 21;48.98759538351349;6.214770596974412
Ecole maternelle;10 RUE PRINCIPALE, 57420 Goin;03 87 52 45 39;48.987824719294515;6.2149105982161545
Ecole primaire;9 rue de l'Eglise, 57220 Gomelange;06 74 39 82 04;49.24093179111354;6.469259349060358
Ecole primaire;145 rue de l'Eglise, 57815 Gondrexange;03 87 25 90 96;48.684331604898276;6.927960137580837
Ecole primaire;1 place du Général de Gaulle, 57680 Gorze;03 87 69 95 14;49.052463975055915;5.998079911738736
Ecole Elémentaire;17 rue du Berger, 57930 Gosselming;03 87 07 89 11;48.79298760495126;6.998689978126546
Ecole maternelle;2 rue des Ecoles, 57130 Gravelotte;03 87 60 62 82;49.109315357444544;6.029319881491857
Ecole maternelle;2 rue derrière l'Eglise, 57170 Grémecey;03 87 05 44 39;48.80046011381357;6.406499376003275
Ecole maternelle;3 rue Principale, 57480 Grindorff-Bizing;03 82 83 30 92;49.37829120155558;6.5082605144495895
Ecole primaire les Hirondelles;2 rue des Ecoles, 57410 Gros-Réderching;03 87 02 79 27;49.067783790122306;7.220039578125582
Ecole élémentaire Erckmann-Chatrian;5 rue Saint-Joseph, 57520 Grosbliederstroff;03 87 09 01 54;49.158175207402444;7.024740478731134
Ecole maternelle Blanche-Neige;6 rue du Cimetière, 57520 Grosbliederstroff;03 87 09 13 00;49.15859181064191;7.030419829119054
Ecole primaire;60 rue de l'Ecole, 57660 Grostenquin;03 87 01 75 05;48.97821407350972;6.737710516798426
Ecole primaire;50 rue Principale, 57510 Grundviller;03 87 09 54 87;49.04468014212453;6.972015548315671
Ecole primaire;2 rue des Alliés, 57510 Guebenhouse;03 87 09 49 39;49.07544245460686;6.942169578180185
Ecole maternelle Les Capucines;Rue du Mont Cassin, 57310 Guénange;03 82 50 70 26;49.300602772477596;6.208270143546734
Ecole primaire La Canopée;14 rue Mozart, 57310 Guénange;03 82 59 36 67;49.299449323126524;6.2004119622306
Ecole primaire Sainte-Scholastique;2 grande rue Sainte-Scholastique, 57310 Guénange;03 82 50 72 82;49.30440361451806;6.2144005363848045
Ecole primaire;Rue de l'Ecole, 57470 Guenviller;03 87 89 53 79;49.108295670295526;6.798649323669575
Ecole Elémentaire;Grand'rue GRAND'RUE, 57260 Guermange;03 87 07 34 42;48.794494028922124;6.810429650198726
Ecole primaire La Cerisaie;7 rue de l'Ecole, 57880 Guerting;03 87 82 60 77;49.18897936835309;6.618200149851276
Ecole primaire des Mardelles;1 RUE DE L'ECOLE, 57380 Guessling-Hémering;03 87 00 20 88;49.0254871895039;6.655890271276887
Ecole primaire;Rue des Chaudrons, 57690 Guinglange;03 87 78 72 43;49.07440766732695;6.524280515246383
Ecole maternelle Les Boutons d'Or;Rue rue du Foyer Rural, 57340 Haboudange;03 87 86 34 22;48.887775710496975;6.613220111002074
Ecole Elémentaire Jean de La Fontaine;15 A rue des Fleurs, 57300 Hagondange;03 87 70 34 72;49.24885545546406;6.165530521323374
Ecole Elémentaire La Ballastière;9 rue du Docteur Viville, 57300 Hagondange;03 87 71 12 87;49.25270136385391;6.153629983076223
Ecole Elémentaire P. Verlaine;Rue des Pêcheurs, 57300 Hagondange;03 87 72 14 48;49.250039322833175;6.172654917682275
Ecole maternelle La Clé des Chants;35 rue Pierre Sémard, 57300 Hagondange;03 87 71 51 69;49.248351620053356;6.165770391785632
Ecole maternelle Les Lutins de La Cité;Place Clémenceau, 57300 Hagondange;03 87 71 41 52;49.24683804453575;6.148879948347541
Ecole maternelle Les Sonatines;2 rue Mozart, 57300 Hagondange;03 87 71 49 47;49.25293471800917;6.172820363505921
Ecole Elémentaire Cité Genêts;Route de Creutzwald, 57880 Ham-sous-Varsberg;03 87 93 07 18;49.1852326379736;6.6608894677782
Ecole maternelle Cité des Genêts;Route de Creutzwald, 57880 Ham-sous-Varsberg;03 87 82 19 08;49.18522547798625;6.6615095627109255
Ecole primaire Anne Franck;44 rue Principale, 57880 Ham-sous-Varsberg;03 87 82 00 54;49.18127409482009;6.646460182527678
Ecole Elémentaire Centre;110 rue Nationale, 57910 Hambach;03 55 17 02 81;49.06083803555451;7.035180612447308
Ecole maternelle Les Chenilles;4 rue de la Poste, 57910 Hambach;03 87 98 09 56;49.06068537190212;7.037070338244557
Ecole primaire R. DOISNEAU;2 rue de l'Eglise, 57170 Hampont;03 87 05 90 52;48.83535574816794;6.581290368283498
Ecole Elémentaire;6 rue du Centre, 57580 Han-sur-Nied;03 87 64 65 00;48.989907336311425;6.436330002694666
Ecole Elémentaire;19 rue Principale, 57370 Hangviller;03 87 08 00 86;48.809955630330926;7.228659369461182
Ecole primaire les Ecureuils;Rue de l'Ecole, 57550 Hargarten-aux-Mines;03 87 04 25 89;49.22318799218655;6.610699514038215
Ecole primaire;6 rue Centrale, 57870 Hartzviller;03 87 25 17 01;48.66945718377128;7.086250644167818
Ecole maternelle;53 rue Principale, 57850 Haselbourg;03 87 08 85 73;48.68540746272579;7.20469885546414
Ecole Elémentaire A. DAUDET;9 rue du Général Stuhl, 57230 Haspelschiedt;03 87 96 52 68;49.086568807997566;7.483480580395264
Ecole Elémentaire;23 rue de l'Ecole, 57790 Hattigny;03 87 25 69 07;48.63193927865817;6.965539514333935
Ecole primaire du Parc;Rue des Prés, 57280 Hauconcourt;03 87 51 53 70;49.21774881558488;6.18828029564028
Ecole maternelle;1 rue DE L'EGLISE, 57400 Haut-Clocher;03 87 03 13 75;48.759087613244546;6.9997402252010215
Ecole Primaire;Rue Principale, 57480 Haute-Kontz;03 82 83 25 27;49.45335007751006;6.32480983241505
Ecole Elémentaire;4 rue Principale, 57690 Haute-Vigneulles;03 87 90 35 21;49.101824814363155;6.557309832251055
Ecole maternelle Basses Vigneulles;5 rue du Faubourg, 57690 Haute-Vigneulles;03 87 64 35 71;49.088152772091206;6.547069421880127
Ecole élémentaire Jean de La Fontaine;13 rue DU GENERAL LECLERC, 57700 Hayange;06 61 30 82 93;49.32714035184598;6.058924924941101
Ecole élémentaire les Mimosas;18 rue du Mimosa, 57700 Hayange;03 55 18 02 69;49.35390331130053;6.065709813689697
Ecole maternelle Haut Les Grands Bois;Rue des Grands Bois, 57700 Hayange;09 64 49 42 89;49.3169344657539;6.065559352994417
Ecole maternelle Konacker Charles Perrault;5 rue d'Artois, 57700 Hayange;03 55 18 82 66;49.35296969017083;6.0598501063416315
Ecole maternelle L. Pasteur - La Marelle;64 rue Pasteur, 57700 Hayange;03 55 18 02 68;49.325908136324806;6.052980536403358
Ecole maternelle Les Coccinelles;Rue Pierre Mendès France, 57700 Hayange;03 55 18 02 78;49.33314740928003;6.076750433944847
Ecole primaire Jules Verne;4 rue du 6 Juin 1944, 57700 Hayange;03 55 18 02 64;49.33769433439507;6.081849557413613
Ecole Primaire Le Jura;3 rue du Vallon, 57700 Hayange;03 55 18 82 64;49.3127484418946;6.074869484102508
Ecole Elémentaire;1 RUE D'OBERSTINZEL, 57930 Hellering-lès-Fénétrange;03 87 03 98 11;48.80847472212326;7.063399391224487
Ecole Elémentaire;8 rue de l'Ecole, 57660 Hellimer;03 87 01 86 11;48.99746136684898;6.830829359076105
Ecole Elémentaire;Rue Principale, 57690 Hémilly;03 87 64 34 43;49.06132740069577;6.501390005408808
école primaire de HEMING;Rue de l'Eglise, 57830 Héming;03 87 25 08 40;48.69494983399599;6.964280632596814
Ecole Elémentaire;43 grand'rue Grande rue, 57820 Henridorff;03 87 25 42 46;48.73300863108087;7.20903252902726
Ecole maternelle;5 rue de l'Eglise, 57820 Henridorff;03 87 25 47 88;48.732638797595875;7.21187973087156
Ecole primaire Le Pré Vert;2 rue de la Forêt, 57450 Henriville;03 87 89 29 17;49.09673534882581;6.852805307979934
Ecole Elémentaire Les deux Sarres;15 rue de l'Eglise, 57790 Hermelange;09 69 80 67 77;48.67982663251929;7.017770305171498
Ecole Elémentaire;Rue de Vatimont, 57580 Herny;03 87 01 04 00;48.9965011304218;6.4841219636080245
Ecole maternelle intercommunale;Rue de Vatimont, 57580 Herny;03 87 01 04 00;48.99874915128525;6.482089573053871
Ecole primaire;5 rue la Cour, 57400 Hesse;03 87 03 64 87;48.69598263046379;7.048169426501634
Ecole Elémentaire J. Michelet;4 rue des Ecoles, 57330 Hettange-Grande;03 82 53 11 29;49.40824588601195;6.147419534178985
Ecole Elémentaire Louis Pasteur;Rue de Pederobba, 57330 Hettange-Grande;03 82 53 11 72;49.40247823709471;6.161789955376141
Ecole maternelle L. Pasteur;11 rue DU CHANOINE HENNEQUIN, 57330 Hettange-Grande;03 82 53 18 51;49.40295425339169;6.1614401083773345
Ecole maternelle Sainte-Barbe;1 rue DES VIOLETTES, 57330 Hettange-Grande;03 82 53 88 60;49.41068941958104;6.14315037031349
Ecole Primaire Carole Gaessler;18 rue des bosquets, 57330 Hettange-Grande;03 82 84 50 06;49.42058184600558;6.157890791248353
Ecole primaire Marcel Kalk;2 rue de Goerlingen, 57400 Hilbesheim;06 02 18 03 25;48.777954723166815;7.0967005012767155
Ecole élémentaire;Rue de l'Eglise, 57510 Hilsprich;03 87 02 62 75;49.015427327990075;6.912759533402769
Ecole Elémentaire;9 place de la Mairie, 57220 Hinckange;03 87 79 36 70;49.18942758290225;6.445490250960017
Ecole Elémentaire;24 rue Foch, 57220 Holling;03 87 57 95 54;49.26074059362898;6.495600357383538
Ecole Primaire;Rue du Stade, 57510 Holving;03 87 09 54 18;49.012063008061205;6.9645193211899885
Ecole élémentaire les Chênes;Rue de Bellevue, 57470 Hombourg-Haut;03 87 04 77 31;49.1297002234535;6.775010167455507
Ecole maternelle Les Ecureuils;Rue Roche la Molière, 57470 Hombourg-Haut;03 87 81 16 79;49.130207950639615;6.775180234418857
Ecole maternelle Monborn;1 rue MONBORM, 57470 Hombourg-Haut;03 87 04 72 69;49.13430166729068;6.761480016740633
Ecole primaire la chapelle;8 rue de Bordeaux, 57470 Hombourg-Haut;03 87 04 43 56;49.14475824171898;6.7747500128337235
Groupe scolaire  Simon Batz;2 rue des Suédois, BP 57470, 57470 Hombourg-Haut;03 87 04 43 54;49.124446494687724;6.777179529541788
école primaire de HOMMARTING;1 bis rue DE L'ECOLE, 57405 Hommarting;03 87 07 98 33;48.74047823099642;7.144600163485262
Ecole élémentaire intercommunale Harreberg Hommert;Rue de la Guinguette, 57870 Hommert;03 87 25 52 96;48.67156211251219;7.176129431947532
Ecole Elémentaire;51 rue de Kirviller, 57670 Honskirch;03 87 05 48 26;48.94169930486645;6.957440380839795
Ecole Elémentaire;22 route Nationale, 57510 Hoste;03 87 09 43 70;49.06982904242084;6.888170413462214
Ecole Elémentaire;27 rue de Volmunster, 57720 Hottviller;03 87 06 13 96;49.07762705962235;7.358170228520058
Ecole Elémentaire;Rue de l'Ecole, 57820 Hultehouse;03 87 08 30 21;48.72045290387855;7.25828976777135
Ecole Elémentaire J. VERNE;9 rue Saint Nabor, 57990 Hundling;03 87 02 84 78;49.10900485240072;6.97974006513257
Ecole maternelle Les P'tits Loups;Rue Saint Nabor, 57990 Hundling;03 87 02 51 05;49.108756327501844;6.980530010511342
Ecole alternative Plant B;2 place du Stade, 57480 Hunting;03 82 55 05 87;49.415859260859015;6.334805759255621
Ecole primaire Jean de la Fontaine;46 route de Thionville, 57970 Illange;09 66 94 09 90;49.33057388436529;6.181040110001173
Ecole élémentaire de la Sarre;53 rue de la Sarre, 57400 Imling;03 87 23 85 98;48.716293376295766;7.02551032382389
Ecole maternelle de la Sarre;53 rue de la Sarre, 57400 Imling;03 87 23 85 98;48.716199845823326;7.025799808000604
Ecole Primaire;13 rue de l'Albe, 57670 Insming;03 87 01 61 85;48.95785663442693;6.872100100572858
Ecole Elémentaire;8 rue de Metz, 57990 Ippling;03 87 02 81 12;49.1061052902517;7.000990190837161
Ecole maternelle;Rue de Metz, 57990 Ippling;03 87 02 49 91;49.10579539241884;7.002699445979781
Ecole primaire;29 impasse de la Mairie, 57130 Jouy-aux-Arches;03 87 60 90 29;49.06303438751031;6.078310111702837
Ecole  élémentaire Thomas Pesquet;21 rue Principale, 57245 Jury;03 87 38 11 45;49.06971390322653;6.253020447408872
Ecole maternelle Thomas Pesquet;21 rue Principale, 57245 Jury;03 87 38 11 45;49.06982237370481;6.252869742995095
Ecole Elémentaire;2 rue de l'Ecole, 57130 Jussy;03 87 60 23 16;49.10151441364011;6.085700486485396
Ecole élémentaire La flûte enchantée;4 rue de l'Abbé Albert, 57412 Kalhausen;03 87 02 02 10;49.020179616868255;7.152679639207481
Ecole maternelle Les lilas;4 rue des Lilas, 57412 Kalhausen;03 87 02 02 11;49.02176202291359;7.1530595782074196
Ecole primaire Jean de Raville;11 rue d'Hettange, 57330 Kanfen;03 82 50 26 96;49.43564202694454;6.1114526611781965
Ecole maternelle;4 rue DE L'ECOLE, 57430 Kappelkinger;03 87 01 29 02;48.970986855138364;6.910639874254953
Ecole primaire;6 rue des Ecoles, 57920 Kédange-sur-Canner;09 64 29 66 45;49.31030032370995;6.335519784456375
Ecole primaire;15 rue de l'Ecole, 57460 Kerbach;03 87 87 15 41;49.16516043841186;6.966370393358695
Ecole Elémentaire;29 rue de Verdun, 57480 Kirsch-lès-Sierck;03 82 83 70 60;49.443489366446286;6.400200588754653
ECOLE ELEMENTAIRE PUBLIQUE LA FORET;3 rue de l'Ecole, 57480 Kirschnaumen;03 82 83 30 12;49.39684374790074;6.433800482095371
Ecole maternelle Les hirondelles;1 RUE SAINT MICHEL, 57480 Kirschnaumen;03 82 83 31 70;49.414404140514016;6.419020116050742
Ecole Elémentaire J. Burger;Rue de Lorraine, 57240 Knutange;03 57 32 31 91;49.3396512723733;6.0364095852938355
Ecole Elémentaire R. Schuman;42 rue de la République, 57240 Knutange;03 57 32 31 92;49.33974433918981;6.0427201855165995
Ecole maternelle Le Parc;8 rue Roger Naumann, 57240 Knutange;03 57 32 31 94;49.339709962522996;6.039869839177428
Ecole maternelle Les Acacias;Rue des Peupliers, 57240 Knutange;03 57 32 31 93;49.335387415707;6.043340011138386
ECOLE ELEMENTAIRE LA MAGNASCOLE;30 rue du Stade, 57970 Koenigsmacker;03 82 55 02 29;49.38972921732863;6.275510188448066
Ecole maternelle les Crayons Magiques;20 rue du Stade, 57970 Koenigsmacker;03 82 55 01 24;49.390194431514175;6.274609500276695
Ecole Elémentaire GREGOIRE SOLOTAREFF;6 rue des Ecoles, 57970 Kuntzig;03 82 56 10 63;49.34744010045139;6.238460020300592
Ecole maternelle Bois Richard;19 rue Courte, 57490 L'Hôpital;03 87 93 41 18;49.16658906726488;6.732279663237707
Ecole primaire Josef Ley;1 rue de la Mairie, 57490 L'Hôpital;03 87 93 67 58;49.157962757816605;6.732630511872526
Ecole primaire Pierre Philipps;4 rue de Cannes, 57490 L'Hôpital;03 87 93 42 22;49.1618646306735;6.752679507665639
Ecole primaire Les hérons;Rue des Ecoles, 57140 La Maxe;03 87 31 27 30;49.168130591270746;6.192140527143113
Ecole Elémentaire;17 rue Principale, 57730 Lachambre;03 87 92 32 56;49.08140671936953;6.7440405276061215
Ecole Elémentaire les Hirondelles;Place de l'Eglise, 57410 Lambach;03 87 96 46 90;49.03447563941914;7.359510520646412
Ecole maternelle Les hirondelles;Place de la Cloche, 57410 Lambach;03 87 96 48 66;49.034680279340044;7.359479783962279
Ecole Elémentaire Ecole d'éole;3 rue de Suisse, 57340 Landroff;03 87 86 12 68;48.967893663562975;6.610719928521657
Ecole Elémentaire;10 RUE GENERAL DE GAULLE, 57400 Langatte;03 87 23 96 51;48.75633881092336;6.979900226877547
Ecole primaire les Hauts Chênes;13 rue PRINCIPALE, 57810 Languimberg;03 87 03 94 81;48.74601046525271;6.8576836363781934
Ecole primaire;2 bis forum des 4 vents, 57530 Laquenexy;03 87 64 85 87;49.07859426584635;6.316209623502365
La maison école;176 rue de l'église, 57385 Laudrefang;;49.08396601796807;6.639739808000393
Ecole Primaire M. Pagnol;41 rue du Nord, 57050 Le Ban-Saint-Martin;03 87 31 05 59;49.12667896154237;6.146670559564216
Ecole primaire P. Verlaine;1 AVENUE HENRI II, 57050 Le Ban-Saint-Martin;06 45 01 72 72;49.12240095020273;6.150600342498795
Ecole primaire;6 place Charles de Gaulle, 57430 Le Val-de-Guéblange;03 87 01 67 37;48.97824992185596;6.960540155936265
Ecole primaire;17 rue de la Libération, 57660 Lelling;03 87 90 04 19;49.04082911423924;6.710770558558684
Ecole Elémentaire Les verriers;2 rue de l'Eglise, 57620 Lemberg;03 87 06 49 05;49.00381334557983;7.378469383840897
Ecole maternelle les écureuils;31 GRAND'RUE GRANDE RUE, 57620 Lemberg;03 87 06 49 04;49.00132409073922;7.378100600744044
Ecole maternelle L'arche de Noé;2 rue du Moulin, 57580 Lemud;03 87 64 78 41;49.038534666690104;6.365179416869401
Ecole primaire;10 rue DE MONEIN, 57580 Lesse;03 87 01 94 87;48.96332373178644;6.505539836021396
Ecole primaire Groupe Scolaire du Parc;2 rue de la Côte, 57160 Lessy;03 87 60 49 64;49.12110803973481;6.093169621370827
Ecole Elémentaire;41 A rue Principale, 57810 Ley;03 87 86 70 86;48.73847181623326;6.661980181893288
Ecole primaire;10 rue PRINCIPALE, 57660 Leyviller;03 87 01 89 05;49.032218314446666;6.836009419409138
Ecole maternelle franco-allemande;45 rue Principale, 57230 Liederschiedt;03 87 96 63 46;49.121621488645374;7.503709665479632
Ecole élémentaire Pierre Gérard;22 rue des Jardins, 57635 Lixheim;03 87 07 79 00;48.77754065575538;7.140389356228501
Ecole Elémentaire;5 rue Principale, 57520 Lixing-lès-Rouhling;03 87 09 34 29;49.15342568571898;6.993840631034386
Ecole primaire Auguste Migette;Rue Robert Schuman, 57050 Longeville-lès-Metz;03 87 30 70 86;49.114482855776984;6.135410649836131
Ecole primaire Saint-Symphorien;5 rue de la Jeunesse, 57050 Longeville-lès-Metz;03 87 38 44 92;49.11692123272777;6.153340459556659
Ecole primaire les Loups'Bla;Rue du 3 Juin, 57740 Longeville-lès-Saint-Avold;03 87 92 45 65;49.117981032738065;6.641359510378027
Ecole primaire J. Crevaux;6 rue du Docteur Crevaux, 57790 Lorquin;03 87 24 80 45;48.67208991434672;6.998239813469193
Ecole primaire;Rue des Ecoles, 57050 Lorry-lès-Metz;07 81 72 99 80;49.141180176503475;6.120660403382133
Ecole primaire de LOUDREFING;47 rue du Général de Gaulle, 57670 Loudrefing;09 75 99 16 28;48.85180045315355;6.8811694885701415
Ecole Elémentaire;Rue d'Ellviller, 57510 Loupershouse;03 87 09 60 70;49.07953601060727;6.909530185591015
Ecole maternelle;Rue d'Ellviller, 57510 Loupershouse;03 87 28 92 64;49.079493110815314;6.909769514020719
Ecole primaire Des Racines et des Ailes;2 grand'rue GRANDE RUE, 57420 Louvigny;03 87 69 74 92;48.961942480564176;6.1841999214539545
Ecole primaire de LUPPY;11 rue Principale, 57580 Luppy;03 87 57 63 58;48.98175907053483;6.34657033852165
Ecole primaire;Rue de l'Eglise, 57935 Luttange;03 82 83 99 30;49.269550675004254;6.308709807091576
Ecole élémentaire;148 rue Konzett, 57820 Lutzelbourg;03 87 25 38 03;48.73484732684567;7.252059581391303
Ecole Elémentaire Les mésanges - Cité Petit Ebersviller;Rue de Strasbourg, 57730 Macheren;03 87 92 10 23;49.092166337602194;6.723380256715209
Ecole maternelle Les petites mains - Petit Ebersviller;3 rue de Château Salins, 57730 Macheren;03 87 91 10 03;49.09271625099358;6.723440329510326
Ecole Elémentaire;Place de la Forge, 57380 Mainvillers;03 87 01 02 13;49.019254625789664;6.543660505665139
Ecole Elémentaire Les Ecarts;1 rue des Ecoles, 57280 Maizières-lès-Metz;03 87 80 23 64;49.219338424808356;6.146019537722658
Ecole maternelle  Les Prédelés;Rue Sainte Marie, 57280 Maizières-lès-Metz;03 87 80 63 50;49.213186000954664;6.163339725869435
Ecole maternelle Arc en Ciel;2 rue des Ecoles, 57280 Maizières-lès-Metz;07 57 07 74 54;49.21990801254525;6.146430552572825
Ecole maternelle L. Pasteur;18 rue Pasteur, 57280 Maizières-lès-Metz;03 87 80 56 78;49.21388422847784;6.160870501504647
école maternelle Val Maidera;Avenue Marguerite Duras, 57280 Maizières-lès-Metz;03 87 30 22 18;49.21407930862994;6.154320322924068
Ecole primaire Pasteur;22 rue Sainte-Marie, 57280 Maizières-lès-Metz;06 19 26 04 50;49.2134588787584;6.16377530477923
Groupe Scolaire Clair matin/Victor Hugo;Rue Gabriel Pierne, 57280 Maizières-lès-Metz;03 87 80 21 38;49.20525110648913;6.159709763651809
Groupe scolaire de Brieux;Avenue de Brieux, 57280 Maizières-lès-Metz;03 87 80 61 18;49.205673908697534;6.1647504521415835
Ecole primaire;Place de la Mairie, 57810 Maizières-lès-Vic;03 87 86 65 20;48.72011886814015;6.775209750272144
ECOLE PRIMAIRE PUBLIQUE;5 rue du stade, 57480 Manderen-Ritzing;;49.451817409352806;6.434321961154435
école primaire Moselly;66 grand'rue GRANDE RUE, 57100 Manom;03 82 53 67 71;49.36935932398885;6.188710030386067
Ecole Elémentaire;76 bis rue Principale, 57380 Many;03 87 01 08 11;49.00236332815987;6.521659426393033
Ecole Elémentaire F. Midy;Rue des Pionniers, 57535 Marange-Silvange;03 87 80 32 03;49.223763759470586;6.125360057583955
Ecole Elémentaire La Rousse;2 rue Auguste Migette, 57535 Marange-Silvange;03 87 80 41 64;49.212243290959044;6.111129571693036
Ecole maternelle Felix Midy;Rue des Pionniers, 57535 Marange-Silvange;03 87 80 41 93;49.22389981973383;6.1261498843781395
Ecole maternelle La Rousse;Rue de la Rousse, 57535 Marange-Silvange;03 87 80 28 17;49.21365874873974;6.113350314996751
Ecole Elémentaire;9 rue de Hallering, 57690 Marange-Zondrange;03 87 64 32 81;49.11230281225751;6.53810064621351
Ecole primaire TERRE EN VIGNE;Chemin Terres En Vignes, 57420 Marieulles;03 87 52 83 19;49.006047155558974;6.099290079831201
Ecole Elémentaire Ferry;1 RUE ST VINCENT DE PAUL, 57155 Marly;03 87 62 52 37;49.061055031559384;6.166010187164846
Ecole maternelle Jules Ferry;1 RUE ST VINCENT DE PAUL, 57155 Marly;03 87 63 30 19;49.060775802281;6.166429963392105
Ecole primaire Célestin Freinet;20 avenue des Azalées, 57155 Marly;03 87 63 37 40;49.064364599129874;6.162429839820337
Ecole primaire Henrion;19 rue de Metz, 57155 Marly;03 87 65 25 85;49.06166984043822;6.152730625460668
Ecole maternelle;5 place d'Armes, 57630 Marsal;03 87 86 03 05;48.78835918485183;6.60937014909678
école primaire Neufchère;2 rue Saint Arnould, 57340 Marthille;03 87 86 33 62;48.92438225547178;6.557149862918245
Ecole Elémentaire Le Lanceumont;2 chemin du Patural, 57245 Mécleuves;03 87 38 23 60;49.05405533024838;6.274610292711051
Ecole maternelle Le Lanceumont intercommunale;Rue du Patural, 57245 Mécleuves;09 65 33 45 28;49.05397088900076;6.275000673554969
école primaire de MERTEN;Place du Château, 57550 Merten;03 87 93 00 31;49.25206795037699;6.665200120991074
Ecole Elémentaire;48 hameau de Cubolot, 57560 Métairies-Saint-Quirin;09 75 95 72 93;48.65281627499416;7.041890152921913
Ecole maternelle interconfessionnelle;2 rue de l'Ecole, 57370 Metting;03 87 08 00 18;48.812605955661176;7.2082406163539865
De La Salle;2 rue Saint Maximin, 57000 Metz;03 87 75 35 02;49.10467347078124;6.193500793450286
Ecole élémentaire;17 rue Dominique Macherez, 57070 Metz;03 57 84 80 20;49.10395293225953;6.1962001443786905
Ecole Elémentaire Borny Centre Jules Verne;11 RUE DE PANGE, 57070 Metz;03 57 84 80 74;49.11029878795679;6.222619592876517
Ecole Elémentaire Borny Centre Pergaud;2 rue Michelet, 57070 Metz;03 57 84 80 89;49.10892702439287;6.22307019800383
Ecole Elémentaire Borny Les Bordes;12 rue du Professeur Jeandelize, 57070 Metz;03 57 84 80 64;49.11873363451399;6.214599415481829
Ecole Elémentaire Borny Zup Barrès;5 rue du Roussillon, 57070 Metz;03 87 47 14 58;49.11439697742552;6.219520169698152
Ecole Elémentaire Borny Zup Erckmann-Chatrian 1;9 rue du Dauphiné, 57070 Metz;03 57 84 80 77;49.11816361755602;6.225869873043204
Ecole Elémentaire Borny Zup Erckmann-Chatrian 2;9 rue du Dauphiné, 57070 Metz;03 57 84 80 78;49.11793667740965;6.226010652409594
Ecole élémentaire Château Aumiot mixte;6 rue Notre Dame de Lourdes, 57050 Metz;03 57 84 80 37;49.129928869669975;6.1516602337047095
Ecole Elémentaire d'application Monnet 2;11 AVENUE DE LYON, 57070 Metz;03 57 84 80 86;49.118847928677056;6.195560460890587
Ecole élémentaire d'application Sainte-Thérèse;10 rue DU XX CORPS AMERICAIN, 57000 Metz;03 57 84 80 30;49.10405820816725;6.166520196737015
école élémentaire de Plantières;8 rue Croix de Lorraine, 57070 Metz;03 57 84 80 34;49.11397925092211;6.198829645004084
Ecole élémentaire Emilie du Châtelet;9 avenue de Lyon, 57070 Metz;03 57 84 80 85;49.11937016489627;6.195480262237677
Ecole Elémentaire Grigy Jean de La Fontaine;6 rue de Mercy, 57070 Metz;03 57 84 80 25;49.09205872505292;6.24525057146137
Ecole Elémentaire Grigy P.de Rozier;Rue Patural Barbet, 57070 Metz;03 57 84 80 33;49.099509274436734;6.239229567034292
Ecole Elémentaire JEAN BURGER;10 RUE A DE VIGNY, 57070 Metz;03 57 84 80 24;49.09834007119956;6.201560157858935
Ecole Elémentaire Magny La Plaine;Rue du Cottage, 57000 Metz;03 57 84 80 14;49.074726625124335;6.189349589942261
Ecole Elémentaire Magny Van Gogh;71 bis rue des Roseaux, 57000 Metz;03 57 84 80 19;49.07096000842039;6.193370622966966
Ecole élémentaire Michel Colucci;4 rue Yvan Goll, 57050 Metz;03 57 84 80 42;49.133708057111434;6.171820304994263
Ecole élémentaire Notre-Dame;1 place Catherine Jacquat, 57000 Metz;03 57 84 80 43;49.116446014821676;6.177950623794414
Ecole élémentaire Sablon Le Graouilly;14 rue du Graouilly, 57000 Metz;03 57 84 80 08;49.10070838575952;6.1698895185906375
Ecole Elémentaire Vallières La Corchade 1;23 rue Faulquenel, 57070 Metz;03 57 84 80 58;49.12302435635155;6.224469774150981
Ecole Elémentaire Vallières Le Val 2;53 rue Charlotte Jousse, 57070 Metz;03 57 88 80 00;49.12588485436546;6.215434023862029
ECOLE EUROPEENNE PUBLIQUE;1 rue WILSON, BP 31044, 57000 Metz;03 87 38 63 63;49.11064396525827;6.170109501511636
Ecole maternelle  Bellecroix Clair Matin;10 rue DE PERIGUEUX, 57070 Metz;03 57 84 80 62;49.12225600951234;6.197440586320549
école maternelle Arc en Ciel;1 impasse CH. ET L. JACQUARD, 57070 Metz;03 57 84 80 46;49.10951177453431;6.222270462742137
Ecole maternelle Bellecroix Le Pré Vert;2 rue de Stoxey, 57070 Metz;03 57 84 80 63;49.11835691459542;6.19598941923205
Ecole maternelle Borny 2 Les Joyeux Pinsons;9 rue du Dauphiné, 57070 Metz;03 57 84 80 76;49.11763703199236;6.2249706771792095
Ecole maternelle Borny 2 Les Mésanges;9 rue du Dauphiné, 57070 Metz;03 57 84 80 75;49.117996080298916;6.224299354299429
Ecole maternelle Borny 3 Les Mirabelles;1 RUE DU ROUSSILLON, 57070 Metz;03 87 68 26 53;49.11401660827639;6.217829648943132
Ecole maternelle Borny Domaine Fleuri;10 RUE DU BON PASTEUR, 57070 Metz;03 87 74 95 37;49.11162740183716;6.224549982679726
Ecole maternelle Borny Les Bordes Les Peupliers;12 rue Jeandelize, 57070 Metz;03 57 84 80 65;49.11896547180737;6.21440953562008
Ecole maternelle Devant-Les-Ponts l'Arbre Roux;20 rue Réné Paquet, 57050 Metz;03 57 84 80 01;49.13191282791533;6.157770459937057
Ecole maternelle Fort de Queuleu Le Pigeonnier;1 RUE DES DEPORTES, 57070 Metz;03 57 84 80 27;49.09838643104953;6.195659493550893
Ecole maternelle Grigy G. aux Bois La Clairière;6 rue de Mercy, 57070 Metz;03 57 84 80 26;49.09275318106828;6.245459855624713
Ecole maternelle Grigy G. aux Bois Symphonie;1 RUE DU PATURAL BARBET, 57070 Metz;03 57 84 80 36;49.09960244568201;6.24007957298605
Ecole maternelle Le Sablon Chemin des Plantes;2 rue André Theuriet, 57000 Metz;03 57 84 80 11;49.096872467180496;6.17921963571883
Ecole maternelle Le Sablon Les Acacias;4 rue Eugène Jacquot, 57000 Metz;03 57 84 80 09;49.09653078791853;6.171239980835453
Ecole maternelle Le Trimazo;10 RUE NOTRE DAME DE LOURDES, 57050 Metz;03 57 84 80 38;49.12925801038436;6.150340129311179
Ecole maternelle Les Isles;13 rue Saint Vincent, 57000 Metz;03 57 84 80 59;49.12341240276906;6.171750581129168
Ecole maternelle Les Roitelets;3 rue Lamartine, 57070 Metz;03 57 84 80 28;49.10065286215445;6.197430062692215
Ecole maternelle Magny Plaine La Moineaudière;Rue du Cottage, 57000 Metz;03 57 84 80 04;49.0745326170177;6.1887596309139346
Ecole maternelle Michel Colucci;7 rue Yvan Goll, 57050 Metz;03 87 68 25 07;49.13339670304843;6.172230443048126
Ecole maternelle Plantières l'Ile aux enfants;1 RUE LOUIS DAVILLE, 57070 Metz;03 57 84 80 23;49.113415115356375;6.199300623341003
Ecole maternelle Queuleu Les Petits Poucets;15 bis rue Macherez, 57070 Metz;03 57 84 80 29;49.10450007090757;6.19690956214599
Ecole maternelle Saint-Martin;3 rue Chandellerue, 57000 Metz;03 87 75 63 31;49.113587051366295;6.176800644942436
école maternelle Sainte Thérèse Jean Morette;33 rue de Verdun, 57000 Metz;03 57 84 80 50;49.105297872634566;6.166190278550504
Ecole maternelle Vallières Les Chardonnerets;49 rue Charlotte Jousse, 57070 Metz;03 57 84 80 68;49.12500247640277;6.214679994648701
école maternelle Vallières les Sources;24 rue Faulquenel, 57070 Metz;03 57 84 80 66;49.12360938548307;6.224330700020162
Ecole primaire biculturelle La Seille;199 avenue André Malraux, 57000 Metz;03 57 84 80 17;49.09370737875401;6.180999980687055
Ecole primaire d'application Biculturelle Hoffmann;12 rue de l'Abreuvoir, 57000 Metz;03 57 84 80 51;49.11588299668898;6.1805603838602545
Ecole primaire d'application Saint-Vincent Les Isles;13 rue Saint-Vincent, 57000 Metz;03 57 84 80 60;49.1233223023444;6.171550381247773
Ecole primaire Hauts de Vallières;10 bis rue DES CARRIERES, 57070 Metz;03 87 68 26 52;49.128529057604204;6.207430128153224
Ecole primaire Jean Moulin;6 rue Charles Nauroy, 57050 Metz;03 57 84 80 44;49.13509002613331;6.163523484918004
Ecole primaire Le Sablon Prost;33 rue Auguste Prost, 57000 Metz;03 57 84 80 06;49.10418109733676;6.176799591577583
Ecole primaire Magny Les Pépinières;5 bis rue des Pensées, 57000 Metz;03 57 84 80 15;49.08208686376173;6.187069409654694
Ecole primaire privée Nathanel Israélite;39 rue du Rabbin Bloch, 57000 Metz;03 87 36 34 31;49.12313471545437;6.180390087867756
Ecole primaire privée St Etienne;11 rue DES RECOLLETS, 57000 Metz;03 87 75 45 76;49.12018508951639;6.180389950686428
Ecole primaire Quatre Bornes;11 rue Louis Bertrand, 57050 Metz;03 57 84 80 41;49.13806194111513;6.149780014576444
Ecole primaire Sainte-Ségolène Debussy;31 boulevard Paixhans, 57000 Metz;03 57 84 80 49;49.12298244699262;6.1830500804445325
Ecole primaire spécialisée Fort Moselle Quatre Saisons;5 rue Rochambeau, 57000 Metz;03 57 84 80 80;49.12783723469971;6.167569521654421
Ecole primaire spécialisée Saint-Eucaire;6 rue de l'Epaisse Muraille, 57000 Metz;03 57 84 80 57;49.11934814334952;6.182570400590653
ECOLE PRIVEE HORS CONTRAT;16 rampe BELLECROIX, 57000 Metz;03 87 75 61 79;49.11850818079543;6.1887672981933095
Groupe scolaire Charles Marchetti biculturelle;3 passage de l'Ecole, 57920 Metzeresche;03 82 83 51 65;49.29772469649134;6.30728025515828
Ecole primaire Jean Moulin;10 rue de la Mairie, 57940 Metzervisse;03 82 56 93 02;49.3123610119201;6.279990256997183
Ecole primaire;3 rue DE L'ECOLE, 57980 Metzing;03 87 02 46 78;49.1067576360763;6.95793958733209
Ecole primaire;12 rue Saint-Augustin Schoeffler, 57370 Mittelbronn;03 87 24 28 00;48.770622801801345;7.228910176027164
Ecole Elémentaire Catholique;37 place de l'Eglise, 57930 Mittersheim;03 87 07 53 06;48.86267303558466;6.942299323191492
Ecole Elémentaire Protestante;37 bis place de l'Eglise, 57930 Mittersheim;03 87 07 53 09;48.862604989048194;6.941932512948975
Ecole maternelle;33 rue de l'Eglise, 57930 Mittersheim;03 87 07 63 03;48.8628606088911;6.94168983831871
Ecole Elémentaire;2 place de l'Eglise, 57220 Momerstroff;03 87 79 30 02;49.163852879405795;6.5333896991941085
Ecole primaire M. Berger;Rue du 7 Septembre, 57300 Mondelange;03 87 71 41 65;49.25883921515526;6.154999911719361
Ecole primaire Marcel Pagnol;2 rue du Muguet, 57300 Mondelange;06 03 43 70 14;49.26490912406792;6.171679416742419
Ecole primaire;4 rue Paul Verlaine, 57570 Mondorff;03 82 51 26 62;49.5027276760537;6.270740528928132
Ecole primaire;64 bis rue de l'Ecole, 57920 Monneren;03 82 82 34 29;49.346801330812895;6.415879573618839
Ecole Elémentaire;1 RUE DE L'ECOLE, 57415 Montbronn;03 87 96 41 62;48.994115815629954;7.307200589645891
Ecole maternelle;12 rue de l'Ecole, 57415 Montbronn;03 87 96 46 89;48.99390367330362;7.307189829589565
Ecole Elémentaire;Chemin D'EVENDORFF, 57480 Montenach;03 82 87 01 51;49.42263123956352;6.38402893239927
Ecole primaire d'application Cressot;4 rue Joseph Cressot, 57950 Montigny-lès-Metz;03 87 65 60 78;49.101749859994825;6.147860602408473
Ecole primaire d'application Pougin;19 bis rue Pougin, 57950 Montigny-lès-Metz;03 87 65 21 18;49.09913889985151;6.1533396265629445
Ecole primaire Giraud;9 rue du Général Giraud, 57950 Montigny-lès-Metz;03 87 62 67 40;49.09239670080138;6.164659520913148
Ecole primaire Marc Sangnier;24 rue du Docteur Bardot, 57950 Montigny-lès-Metz;03 87 65 50 17;49.089668303009226;6.161482807690094
Ecole primaire Marronniers-Peupion;21 rue du Gibet, 57950 Montigny-lès-Metz;03 87 62 50 17;49.09228411894584;6.153950207293587
Ecole primaire privée Ensemble scolaire Jean XXIII;10 rue MONSEIGNEUR HEINTZ, BP 20814, 57950 Montigny-lès-Metz;03 87 62 41 11;49.09809707556688;6.159020643973165
Ecole primaire Saint-Exupéry;34 allée Saint-Exupéry, 57950 Montigny-lès-Metz;03 87 65 57 50;49.085906750899085;6.155259614867707
Ecole primaire Curie;16 rue Jean Macé, 57860 Montois-la-Montagne;03 82 45 18 59;49.21690244629591;6.017479609760809
Ecole Elémentaire Centre Jeanne d'Arc;9 avenue DU MARECHAL LECLERC, 57340 Morhange;03 87 86 27 05;48.92330631902128;6.639891725004862
Ecole maternelle Jeanne d'Arc;20 rue Saint Pierre, 57340 Morhange;03 87 86 32 93;48.92249586715471;6.636729936897382
Ecole primaire Streiff;14 avenue du Parc Clémenceau, 57340 Morhange;03 87 86 32 31;48.927250683839446;6.65429975579597
Ecole Elémentaire Erckmann-Chatrian;Rue de Lorraine, 57600 Morsbach;03 87 85 43 51;49.16731595206522;6.868680404968776
Ecole maternelle;Rue de Lorraine, 57600 Morsbach;03 87 88 32 43;49.16721015379633;6.867799452420722
Centre Départemental de l'Enfance;22 rue Constantine, 57161 Moulins-lès-Metz;06 70 54 81 51;49.091525711094484;6.125669545597122
Ecole Elémentaire Centre;4 rue de la Mairie, 57160 Moulins-lès-Metz;03 87 60 45 42;49.10687142188496;6.106989794170075
Ecole Elémentaire Verlaine;31 rue Chaponost, 57160 Moulins-lès-Metz;03 87 62 41 85;49.09287588593238;6.128350179864817
Ecole maternelle Centre;2 rue Saint Jean, 57160 Moulins-lès-Metz;03 87 60 56 89;49.107862305355745;6.104439683911096
Ecole maternelle Paul Verlaine;31 rue Chaponost, 57160 Moulins-lès-Metz;03 87 62 77 14;49.09258372400464;6.128650423144124
Ecole élémentaire les Grandes Aigrettes;11 rue des Ecoles, 57770 Moussey;03 87 24 61 80;48.69004288500015;6.804639667236196
Ecole Elémentaire;78 rue de Strasbourg, 57630 Moyenvic;03 87 05 99 42;48.77794236000034;6.562190160147987
Ecole Elémentaire Centre;19 rue MARECHAL FOCH, 57250 Moyeuvre-Grande;03 87 58 90 82;49.250428960033865;6.04413758127373
Ecole Elémentaire Langevin;1 rue DELAUNE, BP 65, 57250 Moyeuvre-Grande;03 87 58 80 57;49.257712166647195;6.026459423589183
école maternelle Guy Mocquet;Rue Pasteur, 57250 Moyeuvre-Grande;03 87 58 90 60;49.2609227281864;6.019829746627896
Ecole maternelle Les Marronniers;Rue de Bettainvillers, 57250 Moyeuvre-Grande;09 61 20 22 68;49.25007373341286;6.0471593067293545
Ecole maternelle République;1 rue Clémenceau, 57250 Moyeuvre-Grande;03 87 58 66 07;49.24812638772667;6.0443303598163505
Ecole primaire Jobinot;30 rue Jouffroy d'Abbans, 57250 Moyeuvre-Grande;03 87 58 64 97;49.25379269337052;6.05235941914227
Ecole primaire privée hors contrat;8 rue Grammont, 57250 Moyeuvre-Grande;07 68 78 47 23;49.250282716356836;6.0449411667633255
Ecole primaire;10 ROUTE DE HAYANGE, 57250 Moyeuvre-Petite;03 87 58 88 82;49.268883075936955;6.023509394242867
Ecole Elémentaire;Grand'rue Grande rue, 57260 Mulcey;03 87 05 73 85;48.80055871517172;6.661980597438631
Ecole primaire;Rue Principale, 57670 Munster;03 87 01 69 01;48.91596841550092;6.902489858364375
Ecole Elémentaire Louis Pergaud;Rue des Ecoles, 57700 Neufchef;03 82 86 63 75;49.312724823053216;6.02222975484165
Ecole maternelle Alphonse Daudet;20 rue Emile Zola, 57700 Neufchef;03 82 86 63 73;49.31612735428043;6.020239804031959
Ecole primaire;2 rue Saint-Michel, 57910 Neufgrange;03 87 98 45 54;49.07768583049681;7.068930655369264
Ecole Elémentaire;10 RUE PRINCIPALE, 57320 Neunkirchen-lès-Bouzonville;03 87 22 80 44;49.354274672485836;6.555351791811089
Ecole maternelle;Rue de Lorquin, 57560 Niderhoff;03 87 24 81 17;48.63684199428838;7.013410175525441
Ecole primaire;5 place Charles de Gaulle, 57565 Niderviller;03 87 23 80 03;48.712690127556016;7.107149955071304
Ecole Elémentaire du P'tit Ruisseau;55 rue du Marteau, 57220 Niedervisse;03 87 79 36 75;49.1676357739735;6.568420632830211
ECOLE MATERNELLE;51 rue du Marteau, 57220 Niedervisse;03 87 52 18 64;49.16790426718123;6.568380132776773
Ecole primaire Brucker;16 rue Victor Hugo, 57240 Nilvange;03 57 32 36 19;49.342311394262374;6.051290399301181
Ecole maternelle;40 rue Abbé Jean Colson, 57790 Nitting;03 87 24 88 67;48.67197226052406;7.030779716395343
Ecole Elémentaire Jean Morette;Rue Principale, 57645 Noisseville;03 87 76 73 36;49.13411509340218;6.273560607530963
Ecole Maternelle Le Lutin Sotré;Rue Principale, 57645 Noisseville;03 87 76 74 24;49.134195194601446;6.273890684625945
Ecole Elémentaire;31 GRAND'RUE GRANDE RUE, 57140 Norroy-le-Veneur;03 87 51 33 90;49.181022702378925;6.105730345667839
Ecole maternelle;31 grand'rue Grand'rue, 57140 Norroy-le-Veneur;03 87 51 33 90;49.180932312028986;6.105432580435842
Ecole Elémentaire;2 rue DE L'ECOLE, 57990 Nousseviller-Saint-Nabor;03 87 02 41 42;49.12342311005383;6.966149738548305
Ecole maternelle;2 rue Saint-Michel, CADENBRONN, 57990 Nousseviller-Saint-Nabor;03 87 02 42 34;49.130031396080966;6.964629806301017
Ecole Elémentaire;3 rue des Alliés, 57680 Novéant-sur-Moselle;03 87 52 84 68;49.02413818780643;6.048780616841816
Ecole maternelle Arc en Ciel;3 rue des Alliés, 57680 Novéant-sur-Moselle;03 87 52 08 69;49.02412589331543;6.048060168177725
Ecole Elémentaire;Rue de l'Ecole, 57320 Oberdorff;03 87 55 47 53;49.2735723331059;6.596079804328838
Ecole Maternelle;1 rue DE HELLERING, 57930 Oberstinzel;09 63 07 01 51;48.79501959207176;7.03450025236287
Ecole Elémentaire G. Piette;1 rue des Ecoles, 57600 Oeting;03 87 87 34 10;49.17609833949032;6.9135905462198215
Ecole primaire;6 rue de la Chappe, MONTOY FLANVILLE, 57645 Ogy-Montoy-Flanville;03 87 76 84 52;49.12027786410089;6.283000141590597
L'ECOL'O'THEQUE;13 rue DES MAGES, 57420 Orny;06 71 66 28 30;49.02196564713955;6.245674870879375
école primaire Centre Joliot-Curie;Rue de l'Usine, 57840 Ottange;03 82 50 21 59;49.44301118592901;6.022369567315012
Ecole primaire La plume et l'encrier;15 rue des Ecoles, 57840 Ottange;03 82 50 21 10;49.42655715726052;6.015850441055872
Ecole élémentaire G. Losson;1 RUE DE LORRAINE, 57220 Ottonville;03 87 57 48 63;49.21850429080994;6.521859839727077
ECOLE MATERNELLE PUBLIQUE;11 rue de la Fontaine, 57420 Pagny-lès-Goin;03 87 69 03 60;48.97245330717902;6.218600575027148
Ecole Elémentaire Un,Deux,Trois Soleil;1 place ST MARTIN, 57530 Pange;03 87 64 12 47;49.08376746587638;6.355090418248706
Ecole élémentaire Julie-Victoire DAUBIE;11 rue DES VIGNES, 57245 Peltre;03 87 75 00 17;49.076289118472275;6.22177948870025
Ecole maternelle Les Lutins;18 rue des Vignes, 57245 Peltre;03 87 76 31 10;49.07612708313375;6.223089899830189
Ecole primaire privée Notre-Dame;2 rue de Metz, 57245 Peltre;03 87 74 36 80;49.07391244916028;6.218559494172316
Ecole élémentaire;6 rue des Ecoles, 57410 Petit-Réderching;03 87 09 89 50;49.05351214198263;7.305299447502563
Ecole maternelle;4 rue de la Mairie, 57410 Petit-Réderching;03 87 02 78 18;49.05411688568119;7.303979558110644
Ecole Elémentaire J.Y.Cousteau;10 RUE DE L'EGLISE, 57540 Petite-Rosselle;03 87 85 11 75;49.20929330089282;6.849089364277801
Ecole maternelle La Farandole;147 rue Huber, 57540 Petite-Rosselle;03 87 85 15 53;49.214420905778375;6.867610107665845
Ecole maternelle Les Marronniers;50 rue Alexandre Hoffmann, 57540 Petite-Rosselle;03 87 85 09 06;49.21375431388173;6.857860234263812
Ecole maternelle Les Mésanges;4 rue de l'Eglise, 57540 Petite-Rosselle;03 87 85 29 09;49.208942376767865;6.849339368003392
Ecole primaire Vieille Verrerie;2 rue de la Fontaine, 57540 Petite-Rosselle;03 87 85 12 21;49.21735122759242;6.86420055913755
Ecole Elémentaire Jean de La Fontaine;6 rue de la Mairie, 57170 Pettoncourt;03 87 05 42 34;48.78098145473614;6.404980475458361
Ecole Elémentaire Trois Maisons;14 rue de l'Ecole, 57370 Phalsbourg;03 87 24 14 19;48.75020392258263;7.2557903007239
Ecole maternelle Trois Maisons;Chemin des Ecoliers, 57370 Phalsbourg;03 87 24 32 42;48.74957059172936;7.255389942765702
Ecole primaire George J. de Veldenz;8 rue du Collège, 57370 Phalsbourg;06 48 65 08 42;48.769224030845415;7.258999495055669
Ecole primaire privée Saint Antoine;Chemin des Dames, 57370 Phalsbourg;03 87 24 30 22;48.76813740863306;7.270100106656856
ECOLE PRIVEE SENTIERS D'ENFANCE;6 rue Général ROTTEMBOURG, 57370 Phalsbourg;06 22 43 22 69;48.764061906322794;7.2624104962580684
Groupe scolaire de Philippsbourg;8 rue des Ecoles, 57230 Philippsbourg;03 87 06 56 96;48.980564076454215;7.571669873321031
Ecole primaire;2 place DE LA MAIRIE, 57220 Piblange;03 87 37 24 18;49.24622748986064;6.4185839192760366
Ecole Elémentaire Le Ruissembeau;Rue de Verdun, 57120 Pierrevillers;03 57 56 37 53;49.22556724392461;6.10417987929993
Ecole maternelle Pré Le Loup;2 rue des Loges, 57120 Pierrevillers;03 87 67 97 51;49.224200663933374;6.103199459192552
école élémentaire des Hannetons;36 grand'rue GRANDE RUE, 57870 Plaine-de-Walsch;03 87 25 12 85;48.68842060194948;7.117179983288855
Ecole maternelle;14 ter rue Paul Ferry, 57050 Plappeville;03 87 32 24 61;49.13139240318066;6.125750066035281
Ecole primaire;Place Louis Viansson Ponté, 57050 Plappeville;03 87 32 24 66;49.13062241551958;6.123420604182939
Ecole Elémentaire Les Marronniers;Rue Jeanne d'Arc, 57140 Plesnois;03 87 51 31 70;49.17285718920756;6.106859539696754
Ecole maternelle;Rue Jeanne d'Arc, 57140 Plesnois;03 87 51 31 70;49.173007278418105;6.10711007165499
Ecole Elémentaire;Rue DES VERGERS, VERNY, 57420 Pommérieux;03 87 74 37 98;48.9944760689086;6.1752264449379135
Ecole primaire;Rue de l'Eglise, 57380 Pontpierre;06 73 65 41 10;49.04241288402169;6.641100186582984
Ecole primaire;Place de la Mairie, 57890 Porcelette;03 87 93 10 11;49.15586673639149;6.65431949794398
Ecole élémentaire;Rue Principale, 57930 Postroff;03 87 07 66 19;48.851020480570476;7.078710177046707
Ecole maternelle intercommunale Charles Perrault;Place Delacour, 57420 Pournoy-la-Chétive;09 72 93 59 49;49.02038523112754;6.154980436779282
ECOLE PRIMAIRE PUBLIQUE;3 rue de la Mairie, 57420 Pournoy-la-Grasse;;49.014505074544665;6.218046033707549
Ecole Primaire J. MOULIN;Rue Jean Moulin, 57510 Puttelange-aux-Lacs;03 87 09 63 59;49.0516081311799;6.924880016992252
Ecole primaire Jean XXIII;Rue Jean XXIII, 57510 Puttelange-aux-Lacs;03 87 09 61 87;49.05324884482827;6.931359810352518
Ecole primaire Charles d'Huart;Rue Principale, 57570 Puttelange-lès-Thionville;03 82 51 29 39;49.48451458751452;6.266460138131388
Ecole Elémentaire;Rue des Ecoles, 57410 Rahling;03 87 09 78 15;48.99331289917159;7.213000195598181
Ecole maternelle;2 rue des Ecoles, 57410 Rahling;03 87 09 74 67;48.99311814563656;7.212699760237144
Ecole primaire;19 rue des Prés, 57700 Ranguevaux;03 82 52 97 67;49.2973003592175;6.055849716345234
Ecole primaire LES CHOUETTES;52 rue des 3 Cantons, 57530 Raville;03 87 52 19 06;49.090290462796595;6.4852181611360304
Ecole Elémentaire;1 place du Général de Gaulle, 57810 Réchicourt-le-Château;03 87 24 70 50;48.66591831321329;6.84268036090857
Ecole Primaire J.J. Welter;4-6 place de l'église, 57390 Rédange;03 82 91 12 36;49.493004845790935;5.91990572148569
Ecole Elémentaire Pasteur;Rue du 21 Novembre, 57445 Réding;03 87 03 44 41;48.74478589321966;7.098230507352772
Ecole maternelle Cité La Ruche;6 rue du 21 Novembre, 57445 Réding;03 87 03 65 36;48.7445498127701;7.09708031279338
Ecole Elémentaire;2 rue des Ecoles, 57200 Rémelfing;03 87 98 45 62;49.09237224824037;7.091689588488433
Ecole maternelle;13 rue de Nancy, 57200 Rémelfing;03 87 98 81 23;49.090391865642985;7.090040321515404
Ecole Elémentaire les coucous;8 rue Nationale, RN, 57480 Rémeling;03 82 83 30 89;49.40677622667604;6.486596391856313
Ecole primaire;Rue de l'Ecole, 57510 Rémering-lès-Puttelange;03 87 09 40 83;49.034811014279704;6.9422297156291295
Ecole primaire E. Gandar;33 quartier au Joli Fou, 57580 Rémilly;03 87 64 61 58;49.01042998535203;6.395569804422089
Ecole Elémentaire;Rue de Lombez, 57645 Retonfey;03 87 76 74 04;49.138399316167614;6.306490700120269
Ecole maternelle;7 rue de Lombez, 57645 Retonfey;03 87 76 78 17;49.13836642921781;6.307130461544791
Ecole primaire;15 rue de la Chartreuse, 57480 Rettel;03 82 83 60 17;49.44301642412254;6.327660192163562
Ecole Elémentaire;83 rue de Lambach, 57230 Reyersviller;03 72 29 25 96;49.04017777085416;7.392920046886121
Ecole Elémentaire du Pré vert;78 rue de Metz, REZONVILLE, 57130 Rezonville-Vionville;03 87 31 41 23;49.09883815186742;5.993597591629937
Ecole Elémentaire;23 rue de l'Ecole, 57340 Riche;03 87 86 38 94;48.89073661704035;6.627679917099408
Ecole Elémentaire Lenotre;Route de Boussange, 57270 Richemont;03 87 71 20 97;49.276841738519785;6.16142964314558
Ecole maternelle;Rue Saint-Jacques, 57270 Richemont;03 87 71 22 58;49.2768660468392;6.1626301943313955
Ecole primaire Groupe scolaire de La Bickenalbe;Rue du Stade, 57720 Rimling;03 87 09 91 10;49.098545864493126;7.268329444709462
Ecole Elémentaire J.M. Pelt;48 place des Baillis, 57570 Rodemack;03 82 51 22 08;49.468371998289996;6.236729805583283
Ecole maternelle Le Petit Prince;Rue de Halling, 57570 Rodemack;03 82 51 26 59;49.470033936554;6.232130387677408
Ecole élémentaire Jean Monnet;Rue Pasteur, 57410 Rohrbach-lès-Bitche;03 87 09 71 10;49.04421298910586;7.271930913358619
Ecole maternelle Les Colibris;22 rue Pasteur, 57410 Rohrbach-lès-Bitche;03 87 09 89 46;49.0430679984101;7.269439471406534
Ecole Elémentaire Petit Moulin;2 rue des Mésanges, 57120 Rombas;03 87 67 69 35;49.24566269777316;6.0912603976968125
Ecole Elémentaire Ville-Basse;1 RUE LYAUTEY, 57120 Rombas;03 87 67 07 67;49.25381715403301;6.096770438316489
Ecole maternelle Le Petit Moulin;Rue des Mésanges, 57120 Rombas;03 87 67 16 70;49.24574908710701;6.091680573273837
Ecole maternelle Ville-Basse Chanteclair;4 avenue de Gaulle, 57120 Rombas;03 87 67 11 93;49.252757946096715;6.095240477450486
Ecole primaire Rond Bois;Rue Saint Exupéry, 57120 Rombas;03 87 67 27 99;49.24684445941442;6.109920325702513
Ecole primaire Ville-Haute;1 place de la République, 57120 Rombas;03 87 67 72 51;49.25177535939208;6.0884403915349745
Ecole primaire Villers;Rue Berlioz, 57120 Rombas;03 87 67 75 18;49.24740723837143;6.102149835214809
Ecole Elémentaire;2 rue du Tilleul, 57930 Romelfing;03 87 07 56 13;48.83181412089895;7.024359429162716
Ecole primaire les Boutons d'Or;30 rue Raymond Mondon, 57860 Roncourt;03 87 53 32 51;49.20159488701415;6.038470401532119
Ecole primaire les Grands Cèdres;2 rue DE LA MAIRIE, 57800 Rosbruck;03 72 36 34 19;49.15695040285201;6.849726308995749
Ecole Primaire Saint-Exupéry;4 grand rue, 57780 Rosselange;03 87 58 26 20;49.256298293978034;6.067139911820421
Ecole Elémentaire L. Pasteur;Rue des Ecoles, 57520 Rouhling;03 87 09 18 34;49.138498411679436;7.006740191543887
Ecole maternelle Louis Pasteur;Rue des Ecoles, 57520 Rouhling;03 87 09 18 48;49.138370086779204;7.007619355595643
Ecole Elémentaire;18 rue de l'Eglise, 57220 Roupeldange;03 87 57 34 54;49.20685261192323;6.469950242585825
Ecole Elémentaire La Plume et l'Encrier;Place de l'Europe, 57330 Roussy-le-Village;03 82 83 43 80;49.45320690218363;6.177199885758859
Ecole maternelle La souris verte;Place de l'Europe, 57330 Roussy-le-Village;03 82 83 46 37;49.45356135913918;6.177369413835268
Groupe Scolaire Frédéric GUERMONT;3 rue des Ecoles, 57160 Rozérieulles;03 87 60 45 30;49.107917614581176;6.08866939117607
Ecole Elémentaire de la Forêt;9 D rue des Ecoles, 57310 Rurange-lès-Thionville;03 87 73 96 76;49.274061851058356;6.234113647099407
Ecole maternelle Les vers luisants;1 RUE JEAN BURGER, MONTREQUIENNE, 57310 Rurange-lès-Thionville;03 87 73 90 76;49.25570722605997;6.234829769458313
Ecole primaire Jean de la Fontaine;23 rue Jules Ferry, 57390 Russange;03 82 91 23 11;49.48182228794153;5.957491228396962
Ecole maternelle Jean Engel;18 rue d'Apach, 57480 Rustroff;03 82 83 82 69;49.44430528385866;6.37197053223415
Ecole Elémentaire Centre Pierre Frisch;Rue du chateau d'eau, 57500 Saint-Avold;03 87 92 21 58;49.102578647830626;6.7103801220753825
Ecole Elémentaire Crusem;Rue Crusem, 57500 Saint-Avold;03 87 92 23 06;49.11402268294012;6.714659356674813
Ecole Elémentaire Dourd'Hal;44 rue de la Vallée, 57500 Saint-Avold;03 87 92 21 25;49.098560437011685;6.664509824854225
Ecole Elémentaire François Harter;Rue Charles de Foucauld, 57500 Saint-Avold;03 87 92 14 66;49.09810688224088;6.7224295456473175
Ecole Elémentaire Huchet;Avenue Principale, 57500 Saint-Avold;03 87 92 11 92;49.12951037139926;6.704279359188795
Ecole Elémentaire La Carrière;Rue du Château d'Eau, 57500 Saint-Avold;03 87 92 21 91;49.104107649311736;6.7192702932006565
Ecole maternelle Crusem;EN FAIENCERIE, EN FAIENCERIE, 57500 Saint-Avold;03 87 92 06 88;49.10438129472276;6.705779589241516
Ecole maternelle des Tanneurs;Boulevard de Lorraine, 57500 Saint-Avold;03 87 92 14 68;49.10435003925697;6.703260370430307
Ecole maternelle Dourd'Hal;18 RUE DE LA VALLEE, 57500 Saint-Avold;03 87 92 21 25;49.0991912275882;6.669500064361253
Ecole maternelle Huchet Gr2;Rue des Orchidées, 57500 Saint-Avold;03 87 92 52 16;49.13049933826442;6.699579700385181
Ecole maternelle La Carrière;2 rue du Château d'Eau, 57500 Saint-Avold;03 87 92 07 42;49.104585962307716;6.718909806163593
Ecole maternelle Wehneck Gr2;2 rue de Montréal, 57500 Saint-Avold;03 87 92 29 79;49.097561124615105;6.720520647248631
Ecole maternelle Wenheck Gr1;Rue du Commandant Charcot, 57500 Saint-Avold;03 87 92 00 59;49.09746182138701;6.722390056374974
Ecole primaire Jeanne d'Arc;Rue des Ecoles, 57500 Saint-Avold;03 87 04 64 69;49.151045245509756;6.7638700942880545
Ecole primaire privée Sainte Chrétienne;1 passage DU PENSIONNAT, BP 80219, 57506 Saint-Avold;03 87 92 07 77;49.10494735061422;6.707300677359442
Ecole élémentaire;18 rue Général Eblé, 57510 Saint-Jean-Rohrbach;03 87 09 64 65;49.02561480512395;6.883700253298201
Ecole maternelle;18 rue du Général Eblé, 57510 Saint-Jean-Rohrbach;03 87 09 64 65;49.02578976013784;6.884080235924822
Ecole primaire Langevin;2 avenue Paul Langevin, 57070 Saint-Julien-lès-Metz;07 84 48 03 43;49.130906770924625;6.197549605823773
Ecole Elémentaire;3 rue de Verdun, 57420 Saint-Jure;03 87 69 74 53;48.94315539298383;6.220669594392223
Ecole élémentaire de SAINT LOUIS;2 rue de Sparsbrod, 57820 Saint-Louis;03 87 07 96 91;48.714379389629535;7.1911101896885254
Ecole primaire Canrobert;11 rue des Ecoles, 57855 Saint-Privat-la-Montagne;03 87 53 33 58;49.187762753113404;6.037729336275911
Ecole primaire;Place de l'Eglise, 57560 Saint-Quirin;03 87 08 60 20;48.60892898778112;7.0646005368906035
Ecole Elémentaire Chan Heurlin;7 rue Brondex, 57640 Sainte-Barbe;06 45 74 95 92;49.16005605658126;6.3035494805134915
Ecole maternelle Les Petits Lutins;Rue Brondex, 57640 Sainte-Barbe;03 87 76 60 01;49.16021360937484;6.303120473019975
Ecole élémentaire E. Revenu;3 rue de Metz, 57255 Sainte-Marie-aux-Chênes;03 87 61 94 10;49.19127821992633;6.007320386951596
Ecole maternelle les Petits Chênes;22 rue Rabelais, 57255 Sainte-Marie-aux-Chênes;03 87 61 93 09;49.19122421746982;5.998409871914937
Ecole Elémentaire;12 rue des Tilleuls, 57130 Sainte-Ruffine;03 87 60 03 06;49.10562206383745;6.096510134756903
Ecole maternelle privée;3 rue des Jardins, 57130 Sainte-Ruffine;03 87 60 57 23;49.10562267136875;6.094459927056787
Ecole primaire;12 rue de l'Ecole, 57640 Sanry-lès-Vigy;03 87 77 93 33;49.18324131125645;6.280019874817935
ECOLE MATERNELLE PUBLIQUE;30 rue Principale, 57530 Sanry-sur-Nied;03 87 64 43 90;49.05273470519207;6.3427505379225515
Ecole Elémentaire Rech;Rue Chanoine Goldschmitt, 57430 Sarralbe;03 87 97 98 48;48.97754882313909;7.018659309817294
Ecole maternelle Rech;53 grand'rue GRAND'RUE, 57430 Sarralbe;03 87 97 98 15;48.982664641220985;7.012751661568947
Ecole primaire Robert Schuman;3 rue Saint Philippe, 57430 Sarralbe;03 87 97 94 57;49.000449632933744;7.028809777092411
Ecole primaire;2 rue de l'Eglise, 57400 Sarraltroff;03 87 03 41 42;48.77392634519251;7.061970235155817
Ecole Elémentaire Hoff;7 rue des Ponts, 57400 Sarrebourg;03 87 03 21 91;48.746843052034855;7.058050414580959
Ecole Elémentaire Pons Saravi;11 ALLEE DES AULNES, 57400 Sarrebourg;03 87 23 74 34;48.732848486949194;7.049309508438755
Ecole maternelle Bois des Poupées;Rue Paul Gauguin, 57400 Sarrebourg;03 87 03 16 15;48.7440793179763;7.073080289513265
Ecole maternelle La Roseraie;2 rue de la Source, 57400 Sarrebourg;03 87 23 74 12;48.73230933963728;7.0528795594056275
Ecole maternelle Les Marmottons;27 rue Emile Stock, 57400 Sarrebourg;03 87 03 43 46;48.74486964512943;7.0525193202409815
Ecole maternelle Les Oiseaux;Rue des Cigognes, 57400 Sarrebourg;03 87 03 37 82;48.73572260100171;7.068170500984176
Ecole maternelle Winkelhof;14 rue Lamartine, 57400 Sarrebourg;03 87 03 20 23;48.73631862061489;7.039319630901656
Ecole primaire biculturelle Les Vosges;19 rue d'Auvergne, 57400 Sarrebourg;03 87 23 74 52;48.73037321059016;7.0550204208372325
Ecole primaire privée Sainte Marie;21 avenue du Général de Gaulle, 57400 Sarrebourg;03 87 23 70 70;48.730734076058795;7.052140519784874
Ecole élémentaire biculturelle interconfessionnelle Blies;1 rue DE L'ECOLE, 57200 Sarreguemines;03 87 95 25 50;49.11584460042065;7.069119889514128
Ecole Elémentaire Folpersviller;17 rue du Groupe scolaire, 57200 Sarreguemines;03 87 95 28 86;49.126752108597806;7.116649602439997
Ecole Elémentaire M. FONTENOY;3 rue du Lieutenant Cahen, 57200 Sarreguemines;03 87 95 22 04;49.114326679888535;7.088750084498959
école élémentaire privée ABCM Beausoleil;11 rue DES HIRONDELLES, 57200 Sarreguemines;03 87 98 56 70;49.09971434934545;7.0450298077265785
école élémentaire privée ABCM de la Blies;3 rue de l'Ecole, 57200 Sarreguemines;03 87 95 29 86;49.11540675840243;7.068889360657167
Ecole élémentaire spécialisée;4 rue Claire Oster, 57200 Sarreguemines;;49.1124261079228;7.073400345049364
Ecole Elémentaire Welferding;20 rue des Charrons, 57200 Sarreguemines;03 87 98 20 23;49.111139474687114;7.047209840389829
Ecole maternelle biculturelle de la Blies;5 rue des Ecoles, 57200 Sarreguemines;03 87 95 16 57;49.11502301164916;7.068709716687033
Ecole maternelle Biculturelle Grégersberg;22 rue Marie Curie, 57200 Sarreguemines;03 87 95 31 24;49.122710914833036;7.077999462962998
Ecole maternelle Folpersviller;15 rue du Groupe Scolaire, FOLPERSVILLER, 57200 Sarreguemines;03 87 95 30 94;49.12641993678509;7.116280230043441
Ecole maternelle M. FONTENOY;5 rue du Lieutenant Cahen, 57200 Sarreguemines;03 87 95 32 47;49.113943466573424;7.088899494426735
Ecole maternelle V. Hugo;2 impasse Victor Hugo, 57200 Sarreguemines;03 87 98 01 41;49.10722021095014;7.056110359885938
Ecole maternelle Welferding;20 rue des Charrons, 57200 Sarreguemines;03 87 98 00 26;49.1114877752952;7.047400252962377
Ecole primaire Blauberg;48 rue de Hambach, 57200 Sarreguemines;03 87 98 47 58;49.103852225964914;7.0639696002354935
Ecole primaire des Faïenceries;4 rue Claire Oster, 57200 Sarreguemines;03 87 95 08 23;49.1124261079228;7.073400345049364
Ecole primaire Montagne Supérieure;3 rue Jean-Baptiste Barth, 57200 Sarreguemines;03 87 98 08 03;49.10157200460226;7.049589886159125
Ecole primaire Neunkirch;4 chemin des Arboriculteurs, 57200 Sarreguemines;03 87 95 00 86;49.11967395283861;7.08664848847865
Ecole primaire privée Sainte Chrétienne;20 rue Sainte-Croix, BP 40409, 57204 Sarreguemines;03 87 98 05 51;49.1111417054553;7.0675696239683905
Ecole Elémentaire;21 rue de l'Eglise, 57905 Sarreinsming;03 87 95 14 82;49.08949231049748;7.110090688151786
Ecole maternelle Le Petit Poucet;1 RUE DE LA VIGNE, 57905 Sarreinsming;03 87 95 12 59;49.08926715541365;7.111960497410951
Ecole Elémentaire Les quatre vents;8 rue des Ecoles, 57140 Saulny;03 87 31 32 95;49.15860444559206;6.109009858895826
Ecole maternelle;Rue des Ecoles, 57140 Saulny;03 87 30 01 64;49.15893207433582;6.108970546102062
Ecole primaire interconfessionnelle;30 A rue Principale, 57370 Schalbach;03 87 07 39 11;48.82231690649498;7.168360213126483
Ecole Elémentaire;140 rue du Ritterwald, 57400 Schneckenbusch;03 87 23 68 03;48.702989168405885;7.077323614171916
Groupe scolaire La Forêt;5 rue des Ecoles, 57350 Schoeneck;03 72 36 35 23;49.219583344004626;6.920329748444064
Ecole primaire;2 rue de l'Ecole, 57230 Schorbach;03 72 29 19 74;49.07956363207677;7.406790049039505
Ecole maternelle;7 rue DE L'ECOLE, 57320 Schwerdorff;03 87 35 53 80;49.36860811736339;6.574479678423683
Ecole Primaire B. Rabas;1 RUE DE LA PASSERINE, 57160 Scy-Chazelles;03 87 60 27 82;49.109217438501794;6.121499759304934
Ecole Elémentaire;15 bis rue de la Gare, 57420 Secourt;03 87 57 66 17;48.94910837872022;6.287299932699854
GROUPE SCOLAIRE YANN ARTHUS BERTRAND;3 rue du Stade, 57455 Seingbouse;03 87 89 21 69;49.112908053421606;6.836369949098053
Ecole primaire J. Morette;6 place Curie, 57280 Semécourt;03 87 51 11 22;49.19322631215403;6.133079331993748
Ecole primaire Marcel Pagnol;3 place François Mitterrand, 57290 Serémange-Erzange;03 82 58 02 50;49.31835904604809;6.093049436468352
Ecole primaire R. Schuman;Rue du Cardinal Billot, 57480 Sierck-les-Bains;03 82 83 70 69;49.4391984279436;6.359410298273147
Ecole élémentaire;4 rue des Vergers, 57410 Siersthal;03 72 29 16 76;49.04218375877726;7.3460697317382975
Ecole maternelle Holbach;3 rue de Volmunster, 57410 Siersthal;03 87 96 47 33;49.057635672313396;7.342789890750559
Ecole élémentaire les Ecoccinelles;2 rue En Chenirue, 57420 Sillegny;03 87 52 43 63;48.98718317528724;6.161799781333241
Ecole maternelle la Clé des Champs;2 rue Chenirue, 57420 Sillegny;07 81 55 80 71;48.98713691446545;6.161950114573641
Ecole maternelle;8 rue de l'Ecole, 57530 Silly-sur-Nied;03 87 64 25 08;49.11979542354682;6.358269967787558
Ecole primaire;5 place du 18 Novembre, 57420 Solgne;03 87 57 62 93;48.9667504389802;6.295300097209117
Ecole Elémentaire;2 rue de l'Ecole, 57580 Sorbey;03 87 64 44 92;49.044276388178815;6.3172001887808
Ecole maternelle;2 rue des Ecoles, 57960 Soucht;03 87 96 81 10;48.95947120782508;7.332350542715877
Ecole primaire;5 rue des Ecoles, 57960 Soucht;03 87 96 86 55;48.95925114637032;7.332259704371481
Ecole primaire Village;13 rue des Ecoles, 57350 Spicheren;03 87 87 88 51;49.19231935947663;6.9712705867057085
Ecole primaire Centre;Place de Wendel, 57350 Stiring-Wendel;03 87 87 49 60;49.201762148987726;6.926919566075464
Ecole primaire de Vieux Stiring Biculturelle;15 rue du Vieux Stiring, 57350 Stiring-Wendel;03 87 85 12 39;49.20592113640514;6.929529715506646
école primaire du Habsterdick;13 rue de la Libération, 57350 Stiring-Wendel;03 87 87 57 32;49.20720878439037;6.9465806343310685
Ecole primaire Verrerie Sophie Biculturelle;1 rue des Ecoles, 57350 Stiring-Wendel;03 87 87 52 64;49.19404921256739;6.915799340675315
Ecole primaire;9 rue des Lilas, 57970 Stuckange;03 82 90 57 46;49.324738318887555;6.238219855748398
Ecole Elémentaire J. Burger;Grand'rue GRAND'RUE, 57525 Talange;03 87 72 14 83;49.236614836354065;6.173299558442503
Ecole Elémentaire J.J. Rousseau;21 rue des Colombes, 57525 Talange;03 87 80 43 70;49.22551619551966;6.171679944760757
Ecole maternelle Elsa Triolet;21 rue des Colombes, 57525 Talange;03 87 80 28 52;49.225992207828455;6.1720196154082965
Ecole maternelle Emile Zola;18 rue Emile Zola, 57525 Talange;03 87 72 22 13;49.235380648960344;6.166209636041433
Ecole maternelle Eugenie Cotton;7 rue Joliot Curie, 57525 Talange;03 87 72 30 37;49.23590718289897;6.175469605496233
Ecole maternelle Irène Curie;Rue Joliot Curie, 57525 Talange;03 87 71 17 70;49.23548243870884;6.172739514009438
Ecole Elémentaire Ebring;7 rue de la Libération, 57980 Tenteling;03 87 89 11 76;49.12383645390842;6.913850001206834
Ecole maternelle;25 rue Principale, 57980 Tenteling;03 87 02 48 32;49.12499944791885;6.93733941849357
Ecole primaire  Marcel Pagnol;Place Maréchal Fabert, 57180 Terville;03 82 88 47 73;49.34594704927797;6.144090335469254
Ecole primaire Centre du Moulin;16 rue de la Meulerie, 57180 Terville;03 82 88 52 84;49.34369708636522;6.1397000926907435
Ecole primaire Marcel Dauendorffer;61 rue Jeanne d'Arc, 57220 Téterchen;03 87 35 96 78;49.2303212382894;6.562590095271862
Ecole Elémentaire;Rue de la Gare, 57385 Teting-sur-Nied;03 87 00 26 03;49.05590435368458;6.661829704487689
Ecole maternelle;Rue de la Gare, 57385 Teting-sur-Nied;03 87 00 26 04;49.05612681065998;6.661530405340807
Ecole primaire La clé des champs;25 rue des écoles, 57450 Théding;03 87 89 17 17;49.12734425451847;6.88699981604451
Ecole Elémentaire Côte des Roses;17 rue Saint-Hubert, 57100 Thionville;03 82 54 18 07;49.36981283639795;6.1545994641475446
Ecole Elémentaire Guentrange;2 rue du Crève Coeur, 57100 Thionville;03 82 88 46 60;49.36964866568223;6.1438804406569725
Ecole élémentaire spécialisée Les Coquelicots;24 boucle de la Milliaire, 57100 Thionville;03 82 88 13 04;49.35813502625497;6.147709335609793
Ecole Elémentaire Veymerange R. Desnos;29 rue des Jardins Fleuris, 57100 Thionville;03 82 88 05 09;49.35800329750191;6.112199498703728
Ecole maternelle Côte des Roses;13 rue de la Perdrix, 57100 Thionville;03 82 54 18 08;49.37108900186218;6.154819470163173
Ecole maternelle les Coquelicots;26 boucle de la Milliaire, 57100 Thionville;03 82 34 12 20;49.35798998191548;6.148580525939542
Ecole maternelle Val Marie Rousseau;5 passage des Ecoliers, 57100 Thionville;03 82 88 45 55;49.36418743272848;6.140069436050068
Ecole maternelle Veymerange R. Desnos;23 rue des Jardins Fleuris, 57100 Thionville;03 82 88 59 89;49.35766539166055;6.112640458270021
Ecole primaire Beauregard;25 rue de Verdun, 57100 Thionville;03 82 88 48 72;49.35013660177596;6.15770977144515
Ecole primaire biculturelle Saint-Pierre;5 rue Aimé Lemud, 57100 Thionville;03 82 88 16 56;49.35517036219921;6.152800055971031
école primaire des Basses Terres;4 avenue de Douai, 57100 Thionville;03 82 53 53 79;49.36725561826469;6.172319923492276
Ecole primaire Elange Les Semailles;3 rue des Semailles, 57100 Thionville;03 82 34 18 51;49.36955329872275;6.111939578576652
Ecole primaire Gérard Clément;9 rue de l'Abbé Gouvion, 57100 Thionville;03 82 55 17 83;49.39997414051227;6.102389843701551
Ecole primaire Jacques Prévert;7 boucle des Prés de Saint-Pierre, 57100 Thionville;03 82 34 37 52;49.355356353959166;6.145457420193733
Ecole primaire Les trois villages;11 RUE DE NILVANGE, 57100 Thionville;03 82 88 41 12;49.36119847326123;6.086180070378763
Ecole primaire les Vergers du Bérel;129 rue de Meilbourg, 57100 Thionville;03 82 53 47 23;49.39658305526536;6.201190081958233
Ecole primaire Petite Saison;1 passage DE LA PETITE SAISON, 57100 Thionville;03 82 88 14 46;49.36245438973799;6.15242055242841
Ecole primaire Poincaré;1 rue MANGIN, 57100 Thionville;03 82 82 73 95;49.357224742691194;6.161899606964203
Ecole primaire privée Notre-Dame de La Providence;22 place Notre Dame, BP 30324, 57126 Thionville;03 82 82 48 20;49.35687681199263;6.158899374518257
Ecole primaire V. Hugo;6 rue Pershing, 57100 Thionville;03 82 53 25 51;49.36384281862283;6.165929502777799
Ecole privée Montessori l'Avenir;6 allée CHATEAU DE GASSION, 57100 Thionville;07 69 57 75 43;49.341081858909654;6.158920345067528
Ecole Elémentaire;1 rue DES ECOLES, 57300 Trémery;03 87 73 81 96;49.24520504408427;6.228807056260793
Ecole maternelle La Clairière;3 rue des Ecoles, 57300 Trémery;03 87 73 82 21;49.24496287337804;6.229819877332292
Ecole primaire les Crayons Magiques;3 rue de la Forêt, 57710 Tressange;03 82 50 34 70;49.4100362018856;5.983252894433743
Ecole primaire;17 rue du Stade, 57870 Troisfontaines;03 87 25 17 04;48.67085721040628;7.115930684745778
Ecole élémentaire du Marronnier;73 rue du 12 décembre 1948, 57320 Tromborn;06 75 36 97 71;49.259198786295045;6.5937081785032845
Ecole Elémentaire Montaigne;Route de Fameck, 57270 Uckange;03 55 18 81 24;49.303650424632444;6.149159999366963
Ecole maternelle Jean Moulin;9 rue du Stade, 57270 Uckange;03 55 18 01 22;49.30428130291517;6.146840388544203
Ecole primaire Jules Ferry;Rue de Touraine, 57270 Uckange;03 82 86 18 17;49.30026283173541;6.14551958896496
Ecole primaire Rousseau;30 place de l'Eglise, 57270 Uckange;03 55 18 01 24;49.299616695352306;6.16053968728897
Ecole primaire Verlaine;2 rue Mozart, 57270 Uckange;03 82 86 22 21;49.298286333548376;6.153240245035638
Ecole primaire;6 rue du Stade, 57660 Vahl-Ebersing;03 87 29 31 30;49.045259163543136;6.753374938232419
Ecole Elémentaire la Clé des Champs;23 rue de l'Ecole, 57380 Vahl-lès-Faulquemont;03 87 92 10 39;49.02600211893177;6.625480647405431
Ecole primaire;24 rue du Moulin, 57260 Val-de-Bride;03 87 86 94 29;48.82604216472088;6.698560486020199
Ecole maternelle Ebersborn;Rue de Nancy, 57730 Valmont;03 87 91 12 64;49.090594126260314;6.713889963363235
Ecole primaire du Stade;Rue du Stade, 57730 Valmont;03 87 92 03 41;49.08156675945929;6.69763945194173
Ecole primaire intercommunale Les Moulins;101 RUE JEAN-JULIEN BARBE, 57070 Vantoux;03 72 72 94 41;49.1299118501882;6.238029411359917
Ecole primaire de la Fontaine;7 chemin de Préchy, 57070 Vany;03 72 48 01 63;49.156473070434565;6.2383327810428035
Ecole primaire;Route de Brouck, 57220 Varize-Vaudoncourt;03 87 63 92 21;49.13324631636617;6.467325767185855
Ecole primaire J. PREVERT;Rue de l'Eglise, 57880 Varsberg;03 87 90 21 63;49.1746461604692;6.625049554591513
Ecole Elémentaire;113 rue du levant, 57320 Vaudreching;03 87 78 40 41;49.28414371181981;6.526236148350471
Ecole maternelle;242 rue Bernanos, 57320 Vaudreching;03 87 78 32 32;49.283019950199225;6.52589253823845
Ecole Elémentaire Des Vignes;6 place de la Mairie, 57130 Vaux;03 72 39 09 70;49.092973206720075;6.080519805317329
Ecole maternelle;1 RUE DU CHATE, 57130 Vaux;03 87 60 30 38;49.09241144259678;6.080390508726346
Ecole maternelle;36 rue du Stade, 57920 Veckring;03 82 82 33 29;49.33811910971013;6.374170360577876
Ecole primaire;2 place de l'Eglise, 57260 Vergaville;03 87 86 80 90;48.837877652147604;6.741930334757006
Ecole Elémentaire;36 rue d'Amanvillers, 57130 Vernéville;03 87 61 84 35;49.148433998940135;6.004989404096349
école primaire de VERNY;38 rue du Château, 57420 Verny;03 87 52 47 65;49.010609730145;6.201309920024074
Ecole Elémentaire;11 RUE DE L'EGLISE, 57370 Vescheim;03 87 08 00 53;48.794611306890566;7.227179944834361
Ecole Elémentaire du Cloître;2 rue du Secours, 57630 Vic-sur-Seille;03 55 14 80 12;48.78435159370446;6.531120408155046
Ecole maternelle;Rue de l'Abattoir, 57630 Vic-sur-Seille;03 87 01 12 49;48.782995241107564;6.5305599230831515
Ecole Elémentaire;2 rue de l'Eglise, 57635 Vieux-Lixheim;03 87 07 70 51;48.777539095399426;7.132169487720692
Ecole Elémentaire;2 rue de Goin, 57420 Vigny;03 87 57 65 30;48.96893466449546;6.248550404740383
Ecole Elémentaire P. FLICKINGER;2 rue du Château d'Eau, 57640 Vigy;03 87 77 92 24;49.2054330462892;6.2986098263406225
Ecole maternelle La Clef des Champs;2 place Robert Schuman, 57640 Vigy;03 87 77 09 39;49.20506847759477;6.298549491677943
Ecole Elémentaire;1 RUE DE VILLERS, 57530 Villers-Stoncourt;03 87 64 79 48;49.05561464266833;6.423149624053292
Ecole primaire Thomas;23 rue Jean Jaurès, 57185 Vitry-sur-Orne;03 87 67 06 73;49.268896488195885;6.104709569421079
Ecole Elémentaire;10 RUE ST GEORGES, 57670 Vittersbourg;03 87 01 25 63;48.95056978437088;6.9303401667204865
Ecole primaire;5 rue Principale, 57580 Vittoncourt;03 87 64 61 37;49.021524769339315;6.425389776903862
Ecole primaire le Pâtural;1 rue Principale, 57220 Volmerange-lès-Boulay;03 87 79 14 50;49.168836159270015;6.450950974243838
ECOLE PRIMAIRE ARC EN CIEL;Rue des Ecoles, 57330 Volmerange-les-Mines;03 82 50 61 92;49.43989232264036;6.081739833330034
Ecole Elémentaire Adolphe Yvon;2 place de la Mairie, 57720 Volmunster;03 87 96 76 13;49.121773334536634;7.356210512136714
Ecole maternelle Le Petit Prince;12 rue du Presbytère, 57720 Volmunster;03 87 96 78 98;49.12222008799848;7.357349783747674
Ecole primaire Saint-Exupéry;18 bis lotissement des Jardins, 57940 Volstroff;03 82 59 26 32;49.30731765238618;6.257720385022223
Ecole primaire;18 rue de l'Ecole, 57560 Voyer;03 87 03 75 55;48.651928395442404;7.080360450731932
Ecole maternelle Vallée de La Horn;Route de Dorst, 57720 Waldhouse;03 87 96 51 74;49.14686193343122;7.457460083014675
Groupe scolaire biculturel Vallée de La Horn;Route de Dorst, 57720 Waldhouse;03 87 96 61 88;49.142729797383204;7.465799593778163
Ecole Elémentaire;43 rue de la Libération, 57320 Waldweistroff;03 87 35 52 06;49.35944941646626;6.490180524761181
Ecole Elémentaire;5 rue des Ecoles, 57480 Waldwisse;03 82 83 34 49;49.41510001060216;6.527409440675877
Ecole primaire;7 rue du Stade, 57870 Walscheid;03 87 25 51 41;48.653392908373476;7.14810944512936
Ecole élémentaire;9 rue du Stade, 57200 Wiesviller;03 87 02 25 11;49.07862320008276;7.1687100141242155
Ecole maternelle;31 du Moulin, RUE, 57200 Wiesviller;03 87 02 32 09;49.082609382088116;7.1678230738607995
école primaire de WILLERWALD;54 rue Principale, 57430 Willerwald;03 87 97 08 45;49.01681303741687;7.038149725467263
Ecole primaire des quatre feuilles;Rue des Trèfles, 57905 Wittring;03 87 95 03 53;49.05262167007986;7.143349908676718
Ecole Elémentaire HIRTENGARTEN;1 rue des Ecoles, 57200 Woelfling-lès-Sarreguemines;03 87 02 34 79;49.08623242503342;7.1734785563965655
Ecole Elémentaire Centre J. Prévert;46 rue du Général de Gaulle, 57140 Woippy;03 87 32 49 92;49.14964664905597;6.14895953492256
école élémentaire Jacques-Yves Cousteau;2 rue de Lorraine, 57140 Woippy;03 87 31 10 63;49.15659035975823;6.150950001226666
Ecole élémentaire Pierre et Marie Curie;12 rue des Ecoles, 57140 Woippy;03 87 30 51 76;49.14637596324677;6.168559731248245
Ecole Elémentaire Saint-Eloy Verlaine;Impasse Paul Verlaine, 57140 Woippy;03 87 30 25 34;49.15149848277979;6.169619499105679
Ecole maternelle Centre Jeunes Sourires;1 bis rue ST NICOLAS, 57140 Woippy;03 87 32 82 34;49.1499243419577;6.148869434016666
Ecole maternelle Cité Quartier du Roi;1 rue DE BOURGOGNE, 57140 Woippy;03 87 32 82 93;49.15690865933443;6.151680010899277
Ecole maternelle La Cerisaie;Impasse Paul Verlaine, 57140 Woippy;03 87 30 05 35;49.15086640441205;6.169259813312177
Ecole maternelle Les Rossignols;1 RUE DU CHAPITRE, 57140 Woippy;03 87 32 42 33;49.151383976139336;6.164329901830106
Ecole maternelle Saint-Eloy Les Coccinelles;14 rue des Ecoles, 57140 Woippy;03 87 32 15 93;49.14582184821548;6.168280303075091
Ecole maternelle Saint-Eloy Les Libellules;8 rue des Ecoles, 57140 Woippy;03 87 32 24 97;49.14713361193816;6.167670647795831
Ecole primaire Centre 1 Saint-Exupéry;Place Debs, 57140 Woippy;03 87 32 49 97;49.15085135314907;6.14916998615873
Ecole primaire du Witz 2;10 bis rue des Ecoles, 57915 Woustviller;03 87 98 08 99;49.07948577746957;7.009659330593251
Ecole primaire Le Chambourg;Rue du Bosquet, 57915 Woustviller;03 87 98 11 28;49.06901692366015;6.995350101125408
Ecole Elémentaire la Colombe;4 rue de l'Ecole, 57830 Xouaxange;03 87 25 93 11;48.69694912581332;6.997390673451101
Ecole Elémentaire Pasteur;1 rue Pasteur, 57970 Yutz;03 82 56 15 04;49.347004153289134;6.184440019399873
Ecole Elémentaire Péguy;101 GRAND'RUE GRANDE RUE, 57970 Yutz;03 82 56 11 20;49.360944350876146;6.191540523313636
Ecole Elémentaire R. Schuman;Rue du Stade, 57970 Yutz;03 82 56 28 21;49.345829173838915;6.1920094073989365
école élémentaire Saint Exupéry;58 avenue de Gaulle, 57970 Yutz;03 82 56 02 69;49.359607979564174;6.202029956409573
Ecole maternelle Charles Péguy;Impasse Antoinette, 57970 Yutz;03 82 56 35 30;49.361118492474894;6.192746836142616
Ecole maternelle Fritsch;Avenue François Dupont, 57970 Yutz;03 82 56 62 19;49.347845928181584;6.208079814041316
Ecole maternelle Saint-Exupéry;60 avenue de Gaulle, 57970 Yutz;03 82 56 33 04;49.3592530023384;6.2017104101266565
Ecole primaire Hugo;20 rue Victor Hugo, 57970 Yutz;03 82 56 08 61;49.362940396955906;6.213914564754528
Ecole primaire Jacques Prévert;53 A rue de la République, 57970 Yutz;03 82 56 01 00;49.35494084318952;6.194720590853271
Ecole Elémentaire;6 rue des Mésanges, 57905 Zetting;03 55 17 03 10;49.079916145306115;7.13058811365982
Ecole maternelle;6 rue des Mésanges, 57905 Zetting;03 87 02 27 41;49.079916145306115;7.13058811365982
Ecole primaire;11 rue Verlaine, 57690 Zimming;03 87 90 33 92;49.12296742381875;6.589639466034413
Ecole primaire Maréchal Juin;88 rue Principale, 57330 Zoufftgen;03 82 83 42 88;49.462557257905985;6.133260461887088
École française de Sarrebruck et Dillingen;Halbergstraße 112, 66121 Saarbrücken, Allemagne;0049 681 62 62 4;49.2228;7.0075
